[{"folder":{"id":"db13f2d8-f41b-5f84-9888-761e823ac83a"},"id":"01374754-fa08-443d-89c9-e64d33bbeb15","file_name":"kk-logo-hor-color-neg-sz-rgb.png","title":null,"size":6809,"type":"image/png","url":"https://78511-assets-us-01.freetls.fastly.net/9759b78e-8790-003f-502b-b5d791c5962e/7c88717d-c355-433b-ba5b-7c9987f16423/kk-logo-hor-color-neg-sz-rgb.png","image_width":1200,"image_height":520,"file_reference":{"id":"7c88717d-c355-433b-ba5b-7c9987f16423","type":"internal"},"descriptions":[{"language":{"id":"00000000-0000-0000-0000-000000000000"},"description":null},{"language":{"id":"89fe7abf-daa3-4459-b5c5-a7c206a64ac1"},"description":null}],"last_modified":"2021-06-10T13:59:19.0840361Z"},{"folder":{"id":"8a56c4f7-d690-5754-87d1-425ed33c5b1b"},"id":"11f5b625-babf-4614-a965-1cd102dc21f0","file_name":"pexels-porapak-apichodilok-346885.jpg","title":null,"size":3016169,"type":"image/jpeg","url":"https://78511-assets-us-01.freetls.fastly.net/9759b78e-8790-003f-502b-b5d791c5962e/a9650633-e2da-4073-9e13-c9efbc1ca9cc/pexels-porapak-apichodilok-346885.jpg","image_width":5184,"image_height":3456,"file_reference":{"id":"a9650633-e2da-4073-9e13-c9efbc1ca9cc","type":"internal"},"descriptions":[{"language":{"id":"00000000-0000-0000-0000-000000000000"},"description":null},{"language":{"id":"89fe7abf-daa3-4459-b5c5-a7c206a64ac1"},"description":null}],"last_modified":"2021-06-10T13:59:24.8317981Z"},{"folder":{"id":"53cadfb9-697b-564e-8f92-bf39b9b7fdc9"},"id":"193a2024-ccab-4347-9ecb-e08040d17adb","file_name":"pexels-pixabay-415829.jpg","title":null,"size":2156096,"type":"image/jpeg","url":"https://78511-assets-us-01.freetls.fastly.net/9759b78e-8790-003f-502b-b5d791c5962e/cf621476-c3ed-4478-9fd8-cf1391f5f503/pexels-pixabay-415829.jpg","image_width":5760,"image_height":5075,"file_reference":{"id":"cf621476-c3ed-4478-9fd8-cf1391f5f503","type":"internal"},"descriptions":[{"language":{"id":"00000000-0000-0000-0000-000000000000"},"description":null},{"language":{"id":"89fe7abf-daa3-4459-b5c5-a7c206a64ac1"},"description":null}],"last_modified":"2021-06-10T13:59:15.2496527Z"},{"folder":{"id":"8a56c4f7-d690-5754-87d1-425ed33c5b1b"},"id":"1b14dcfb-c555-4984-ae4a-af8a6ea53f78","file_name":"shutterstock_241510420.jpg","title":null,"size":811097,"type":"image/jpeg","url":"https://78511-assets-us-01.freetls.fastly.net/9759b78e-8790-003f-502b-b5d791c5962e/2f996ece-449b-4eeb-b796-f6614c753153/shutterstock_241510420.jpg","image_width":3192,"image_height":2124,"file_reference":{"id":"2f996ece-449b-4eeb-b796-f6614c753153","type":"internal"},"descriptions":[{"language":{"id":"00000000-0000-0000-0000-000000000000"},"description":null},{"language":{"id":"89fe7abf-daa3-4459-b5c5-a7c206a64ac1"},"description":null}],"last_modified":"2021-06-10T13:58:13.5104558Z"},{"folder":{"id":"f2a7e76d-7236-52f5-865b-70a103f3f660"},"id":"1d954104-7bca-4f66-9d7c-694ff2fb0372","file_name":"kk-card-image-img - deep dive edited.png","title":null,"size":28113,"type":"image/png","url":"https://78511-assets-us-01.freetls.fastly.net/9759b78e-8790-003f-502b-b5d791c5962e/1bb8fabb-dc84-460f-9750-6a81c53a5aa4/kk-card-image-img%20-%20deep%20dive%20edited.png","image_width":517,"image_height":323,"file_reference":{"id":"1bb8fabb-dc84-460f-9750-6a81c53a5aa4","type":"internal"},"descriptions":[{"language":{"id":"00000000-0000-0000-0000-000000000000"},"description":null},{"language":{"id":"89fe7abf-daa3-4459-b5c5-a7c206a64ac1"},"description":null}],"last_modified":"2021-06-10T13:59:12.9738874Z"},{"folder":{"id":"8a56c4f7-d690-5754-87d1-425ed33c5b1b"},"id":"22f0bba4-72a5-4104-bfa6-19c892922b72","file_name":"pexels-startup-stock-photos-7103.jpg","title":null,"size":799452,"type":"image/jpeg","url":"https://78511-assets-us-01.freetls.fastly.net/9759b78e-8790-003f-502b-b5d791c5962e/30d9bb61-d340-4073-901f-dfef429219aa/pexels-startup-stock-photos-7103.jpg","image_width":4604,"image_height":2722,"file_reference":{"id":"30d9bb61-d340-4073-901f-dfef429219aa","type":"internal"},"descriptions":[{"language":{"id":"00000000-0000-0000-0000-000000000000"},"description":null},{"language":{"id":"89fe7abf-daa3-4459-b5c5-a7c206a64ac1"},"description":null}],"last_modified":"2021-06-10T13:59:07.857425Z"},{"folder":{"id":"53cadfb9-697b-564e-8f92-bf39b9b7fdc9"},"id":"2dae6ac5-84cb-4a0e-9ff9-6b1ef7592668","file_name":"pexels-andrea-piacquadio-774909.jpg","title":null,"size":1857717,"type":"image/jpeg","url":"https://78511-assets-us-01.freetls.fastly.net/9759b78e-8790-003f-502b-b5d791c5962e/15106012-f804-444d-89cb-eee9df94f1fd/pexels-andrea-piacquadio-774909.jpg","image_width":3840,"image_height":5760,"file_reference":{"id":"15106012-f804-444d-89cb-eee9df94f1fd","type":"internal"},"descriptions":[{"language":{"id":"00000000-0000-0000-0000-000000000000"},"description":null},{"language":{"id":"89fe7abf-daa3-4459-b5c5-a7c206a64ac1"},"description":null}],"last_modified":"2021-06-10T13:58:59.4517796Z"},{"folder":{"id":"f2a7e76d-7236-52f5-865b-70a103f3f660"},"id":"35f27a2a-6e7e-446f-8de2-5347c4824440","file_name":"5f65c4c9-6006-471c-a8b9-a2071915254c_how-is-caas-diff---illustration@4x-edited.png","title":null,"size":98467,"type":"image/png","url":"https://78511-assets-us-01.freetls.fastly.net/9759b78e-8790-003f-502b-b5d791c5962e/0a902609-74df-4cda-ad01-7465f4389e5d/5f65c4c9-6006-471c-a8b9-a2071915254c_how-is-caas-diff---illustration%404x-edited.png","image_width":1601,"image_height":1041,"file_reference":{"id":"0a902609-74df-4cda-ad01-7465f4389e5d","type":"internal"},"descriptions":[{"language":{"id":"00000000-0000-0000-0000-000000000000"},"description":null},{"language":{"id":"89fe7abf-daa3-4459-b5c5-a7c206a64ac1"},"description":null}],"last_modified":"2021-06-10T13:59:17.6582783Z"},{"folder":{"id":"8a56c4f7-d690-5754-87d1-425ed33c5b1b"},"id":"41221d39-3ae7-492a-989d-cd95e041f8a3","file_name":"pexels-energepiccom-159888.jpg","title":null,"size":963299,"type":"image/jpeg","url":"https://78511-assets-us-01.freetls.fastly.net/9759b78e-8790-003f-502b-b5d791c5962e/6affe931-37aa-465b-8c11-2630c9437e17/pexels-energepiccom-159888.jpg","image_width":4608,"image_height":3456,"file_reference":{"id":"6affe931-37aa-465b-8c11-2630c9437e17","type":"internal"},"descriptions":[{"language":{"id":"00000000-0000-0000-0000-000000000000"},"description":null},{"language":{"id":"89fe7abf-daa3-4459-b5c5-a7c206a64ac1"},"description":null}],"last_modified":"2021-06-10T13:59:01.1682323Z"},{"folder":{"id":"2cc04fd8-6c59-5cd2-b784-3c294e0d628e"},"id":"4a2a6df0-8eda-4c1b-8a21-3f12c638a739","file_name":"laptop.svg","title":null,"size":2704,"type":"image/svg+xml","url":"https://78511-assets-us-01.freetls.fastly.net/9759b78e-8790-003f-502b-b5d791c5962e/7bedefcf-ccee-494f-be72-40d3807558cc/laptop.svg","image_width":null,"image_height":null,"file_reference":{"id":"7bedefcf-ccee-494f-be72-40d3807558cc","type":"internal"},"descriptions":[{"language":{"id":"00000000-0000-0000-0000-000000000000"},"description":null},{"language":{"id":"89fe7abf-daa3-4459-b5c5-a7c206a64ac1"},"description":null}],"last_modified":"2021-06-10T13:58:50.8405443Z"},{"folder":{"id":"db13f2d8-f41b-5f84-9888-761e823ac83a"},"id":"4ba20c57-f257-4b7c-9340-03ae36f39e36","file_name":"kk-logo-hor-color-pos-rgb.svg","title":null,"size":1982,"type":"image/svg+xml","url":"https://78511-assets-us-01.freetls.fastly.net/9759b78e-8790-003f-502b-b5d791c5962e/5bc4cc9d-7413-4fe8-9ce3-70f12de21fef/kk-logo-hor-color-pos-rgb.svg","image_width":null,"image_height":null,"file_reference":{"id":"5bc4cc9d-7413-4fe8-9ce3-70f12de21fef","type":"internal"},"descriptions":[{"language":{"id":"00000000-0000-0000-0000-000000000000"},"description":null},{"language":{"id":"89fe7abf-daa3-4459-b5c5-a7c206a64ac1"},"description":null}],"last_modified":"2021-06-10T13:58:08.947656Z"},{"folder":{"id":"2cc04fd8-6c59-5cd2-b784-3c294e0d628e"},"id":"4e6cba4f-5712-4dfd-962a-e12f6f29017f","file_name":"graphic_standing.svg","title":null,"size":22446,"type":"image/svg+xml","url":"https://78511-assets-us-01.freetls.fastly.net/9759b78e-8790-003f-502b-b5d791c5962e/55eea5db-cd2b-4bbd-8f56-e92540da5ae7/graphic_standing.svg","image_width":null,"image_height":null,"file_reference":{"id":"55eea5db-cd2b-4bbd-8f56-e92540da5ae7","type":"internal"},"descriptions":[{"language":{"id":"00000000-0000-0000-0000-000000000000"},"description":null},{"language":{"id":"89fe7abf-daa3-4459-b5c5-a7c206a64ac1"},"description":null}],"last_modified":"2021-06-10T13:57:59.0022874Z"},{"folder":{"id":"8a56c4f7-d690-5754-87d1-425ed33c5b1b"},"id":"516e4600-a841-4b13-9d4d-2cf39160e646","file_name":"pexels-fauxels-3182747.jpg","title":null,"size":1862520,"type":"image/jpeg","url":"https://78511-assets-us-01.freetls.fastly.net/9759b78e-8790-003f-502b-b5d791c5962e/4953e2d3-272b-479a-9d03-d8c41bdfe8cf/pexels-fauxels-3182747.jpg","image_width":6000,"image_height":4000,"file_reference":{"id":"4953e2d3-272b-479a-9d03-d8c41bdfe8cf","type":"internal"},"descriptions":[{"language":{"id":"00000000-0000-0000-0000-000000000000"},"description":null},{"language":{"id":"89fe7abf-daa3-4459-b5c5-a7c206a64ac1"},"description":null}],"last_modified":"2021-06-10T13:58:52.7390001Z"},{"folder":{"id":"2cc04fd8-6c59-5cd2-b784-3c294e0d628e"},"id":"5180c113-5359-42b7-b957-1cdd1c0d5b09","file_name":"pexels-skitterphoto-1019470.jpg","title":null,"size":1041108,"type":"image/jpeg","url":"https://78511-assets-us-01.freetls.fastly.net/9759b78e-8790-003f-502b-b5d791c5962e/02be60e7-ba24-41b7-bbfe-50dba26ac7e3/pexels-skitterphoto-1019470.jpg","image_width":4110,"image_height":2789,"file_reference":{"id":"02be60e7-ba24-41b7-bbfe-50dba26ac7e3","type":"internal"},"descriptions":[{"language":{"id":"00000000-0000-0000-0000-000000000000"},"description":null},{"language":{"id":"89fe7abf-daa3-4459-b5c5-a7c206a64ac1"},"description":null}],"last_modified":"2021-06-10T13:58:41.9285899Z"},{"folder":{"id":"f2a7e76d-7236-52f5-865b-70a103f3f660"},"id":"51c118b0-4c5d-4abf-a40f-9e80a3c58c58","file_name":"pexels-anna-tarazevich-5697255.jpg","title":null,"size":404969,"type":"image/jpeg","url":"https://78511-assets-us-01.freetls.fastly.net/9759b78e-8790-003f-502b-b5d791c5962e/7c0e316c-e9c2-40ff-83e1-83300460517d/pexels-anna-tarazevich-5697255.jpg","image_width":3500,"image_height":2333,"file_reference":{"id":"7c0e316c-e9c2-40ff-83e1-83300460517d","type":"internal"},"descriptions":[{"language":{"id":"00000000-0000-0000-0000-000000000000"},"description":null},{"language":{"id":"89fe7abf-daa3-4459-b5c5-a7c206a64ac1"},"description":null}],"last_modified":"2021-06-10T13:58:39.9825035Z"},{"folder":{"id":"8a56c4f7-d690-5754-87d1-425ed33c5b1b"},"id":"557d4668-8f44-4438-8cd2-5f52ecca2067","file_name":"pexels-anna-shvets-3986999.jpg","title":null,"size":3880453,"type":"image/jpeg","url":"https://78511-assets-us-01.freetls.fastly.net/9759b78e-8790-003f-502b-b5d791c5962e/55c3ec5b-1a9e-462a-9f9f-b288eeece758/pexels-anna-shvets-3986999.jpg","image_width":6000,"image_height":4000,"file_reference":{"id":"55c3ec5b-1a9e-462a-9f9f-b288eeece758","type":"internal"},"descriptions":[{"language":{"id":"00000000-0000-0000-0000-000000000000"},"description":null},{"language":{"id":"89fe7abf-daa3-4459-b5c5-a7c206a64ac1"},"description":null}],"last_modified":"2021-06-10T13:58:26.7756614Z"},{"folder":{"id":"8a56c4f7-d690-5754-87d1-425ed33c5b1b"},"id":"5e09db98-3199-4e30-a001-03bb984b3975","file_name":"pexels-anna-shvets-5324973.jpg","title":null,"size":3773998,"type":"image/jpeg","url":"https://78511-assets-us-01.freetls.fastly.net/9759b78e-8790-003f-502b-b5d791c5962e/eefd395b-cfc7-4e55-a887-c91c4b3eb311/pexels-anna-shvets-5324973.jpg","image_width":5445,"image_height":3630,"file_reference":{"id":"eefd395b-cfc7-4e55-a887-c91c4b3eb311","type":"internal"},"descriptions":[{"language":{"id":"00000000-0000-0000-0000-000000000000"},"description":null},{"language":{"id":"89fe7abf-daa3-4459-b5c5-a7c206a64ac1"},"description":null}],"last_modified":"2021-06-10T13:58:35.9216299Z"},{"folder":{"id":"8a56c4f7-d690-5754-87d1-425ed33c5b1b"},"id":"61b25763-2095-47fb-be55-d333c49a20cf","file_name":"pexels-gratisography-2882.jpg","title":null,"size":2102969,"type":"image/jpeg","url":"https://78511-assets-us-01.freetls.fastly.net/9759b78e-8790-003f-502b-b5d791c5962e/29832867-b54b-48ae-adf6-1795f21758ee/pexels-gratisography-2882.jpg","image_width":5472,"image_height":3648,"file_reference":{"id":"29832867-b54b-48ae-adf6-1795f21758ee","type":"internal"},"descriptions":[{"language":{"id":"00000000-0000-0000-0000-000000000000"},"description":null},{"language":{"id":"89fe7abf-daa3-4459-b5c5-a7c206a64ac1"},"description":null}],"last_modified":"2021-06-10T13:59:03.2908525Z"},{"folder":{"id":"2cc04fd8-6c59-5cd2-b784-3c294e0d628e"},"id":"6a9601e9-ae2c-4a94-bc4f-d1ff65dfe99d","file_name":"pexels-lukas-590020.jpg","title":null,"size":2072043,"type":"image/jpeg","url":"https://78511-assets-us-01.freetls.fastly.net/9759b78e-8790-003f-502b-b5d791c5962e/0ec9a051-6cf0-438e-b4a7-448b4b308cfc/pexels-lukas-590020.jpg","image_width":6144,"image_height":4069,"file_reference":{"id":"0ec9a051-6cf0-438e-b4a7-448b4b308cfc","type":"internal"},"descriptions":[{"language":{"id":"00000000-0000-0000-0000-000000000000"},"description":"Benefits for everyone"},{"language":{"id":"89fe7abf-daa3-4459-b5c5-a7c206a64ac1"},"description":null}],"last_modified":"2021-06-10T13:58:31.9824672Z"},{"folder":{"id":"db13f2d8-f41b-5f84-9888-761e823ac83a"},"id":"724000d0-2c08-4874-ba90-1bbe04d87b49","file_name":"kk-logo-hor-color-pos-sz-rgb.svg","title":null,"size":2074,"type":"image/svg+xml","url":"https://78511-assets-us-01.freetls.fastly.net/9759b78e-8790-003f-502b-b5d791c5962e/81e27915-a3b0-4c69-ad9e-abd9fe153969/kk-logo-hor-color-pos-sz-rgb.svg","image_width":null,"image_height":null,"file_reference":{"id":"81e27915-a3b0-4c69-ad9e-abd9fe153969","type":"internal"},"descriptions":[{"language":{"id":"00000000-0000-0000-0000-000000000000"},"description":null},{"language":{"id":"89fe7abf-daa3-4459-b5c5-a7c206a64ac1"},"description":null}],"last_modified":"2021-06-10T13:58:06.3259932Z"},{"folder":{"id":"53cadfb9-697b-564e-8f92-bf39b9b7fdc9"},"id":"7518fc25-bb33-4e71-859f-c2e086b8ac52","file_name":"radek[1].jpg","title":null,"size":139708,"type":"image/jpeg","url":"https://78511-assets-us-01.freetls.fastly.net/9759b78e-8790-003f-502b-b5d791c5962e/cdce72ac-26d7-4158-9a49-8d826ede3cb8/radek%5B1%5D.jpg","image_width":1000,"image_height":1000,"file_reference":{"id":"cdce72ac-26d7-4158-9a49-8d826ede3cb8","type":"internal"},"descriptions":[{"language":{"id":"00000000-0000-0000-0000-000000000000"},"description":null},{"language":{"id":"89fe7abf-daa3-4459-b5c5-a7c206a64ac1"},"description":null}],"last_modified":"2021-06-10T13:58:07.8898273Z"},{"folder":{"id":"53cadfb9-697b-564e-8f92-bf39b9b7fdc9"},"id":"767a6572-20d0-4ea8-9343-9cb406de4be8","file_name":"pexels-simon-robben-614810.jpg","title":null,"size":1732114,"type":"image/jpeg","url":"https://78511-assets-us-01.freetls.fastly.net/9759b78e-8790-003f-502b-b5d791c5962e/4b0c1637-0635-485c-afb9-a314fbc929b6/pexels-simon-robben-614810.jpg","image_width":4684,"image_height":4000,"file_reference":{"id":"4b0c1637-0635-485c-afb9-a314fbc929b6","type":"internal"},"descriptions":[{"language":{"id":"00000000-0000-0000-0000-000000000000"},"description":null},{"language":{"id":"89fe7abf-daa3-4459-b5c5-a7c206a64ac1"},"description":null}],"last_modified":"2021-06-10T13:58:20.310554Z"},{"folder":{"id":"8a56c4f7-d690-5754-87d1-425ed33c5b1b"},"id":"7cd924d8-788e-46d0-84fa-ea72c6bd45ce","file_name":"pexels-marily-torres-776615.jpg","title":null,"size":2462393,"type":"image/jpeg","url":"https://78511-assets-us-01.freetls.fastly.net/9759b78e-8790-003f-502b-b5d791c5962e/735c8f4f-565c-4806-b3ed-c203f3c5d5ea/pexels-marily-torres-776615.jpg","image_width":5905,"image_height":3937,"file_reference":{"id":"735c8f4f-565c-4806-b3ed-c203f3c5d5ea","type":"internal"},"descriptions":[{"language":{"id":"00000000-0000-0000-0000-000000000000"},"description":null},{"language":{"id":"89fe7abf-daa3-4459-b5c5-a7c206a64ac1"},"description":null}],"last_modified":"2021-06-10T13:58:48.6753162Z"},{"folder":{"id":"db13f2d8-f41b-5f84-9888-761e823ac83a"},"id":"7d53e29f-8ecf-4faa-8b9d-a05fad03b001","file_name":"favicon.svg","title":null,"size":3201,"type":"image/svg+xml","url":"https://78511-assets-us-01.freetls.fastly.net/9759b78e-8790-003f-502b-b5d791c5962e/a0b947c3-8876-4756-ad4b-392811b9b019/favicon.svg","image_width":null,"image_height":null,"file_reference":{"id":"a0b947c3-8876-4756-ad4b-392811b9b019","type":"internal"},"descriptions":[{"language":{"id":"00000000-0000-0000-0000-000000000000"},"description":null},{"language":{"id":"89fe7abf-daa3-4459-b5c5-a7c206a64ac1"},"description":null}],"last_modified":"2021-06-10T13:58:49.7576794Z"},{"folder":{"id":"53cadfb9-697b-564e-8f92-bf39b9b7fdc9"},"id":"93a63751-e60b-463f-8a4c-790141dea10d","file_name":"pexels-creation-hill-1681010.jpg","title":null,"size":3293684,"type":"image/jpeg","url":"https://78511-assets-us-01.freetls.fastly.net/9759b78e-8790-003f-502b-b5d791c5962e/d9f8a0a1-49e2-43b0-8291-098fd9636e41/pexels-creation-hill-1681010.jpg","image_width":3456,"image_height":5184,"file_reference":{"id":"d9f8a0a1-49e2-43b0-8291-098fd9636e41","type":"internal"},"descriptions":[{"language":{"id":"00000000-0000-0000-0000-000000000000"},"description":null},{"language":{"id":"89fe7abf-daa3-4459-b5c5-a7c206a64ac1"},"description":null}],"last_modified":"2021-06-10T13:59:12.1682775Z"},{"folder":{"id":"2cc04fd8-6c59-5cd2-b784-3c294e0d628e"},"id":"9ab4c8ce-e3ae-4ea7-b3cb-cc1452456f70","file_name":"pexels-pixabay-356043.jpg","title":null,"size":2138006,"type":"image/jpeg","url":"https://78511-assets-us-01.freetls.fastly.net/9759b78e-8790-003f-502b-b5d791c5962e/8884c5bd-574b-43fd-9c81-6006ab1bb32f/pexels-pixabay-356043.jpg","image_width":4364,"image_height":2667,"file_reference":{"id":"8884c5bd-574b-43fd-9c81-6006ab1bb32f","type":"internal"},"descriptions":[{"language":{"id":"00000000-0000-0000-0000-000000000000"},"description":null},{"language":{"id":"89fe7abf-daa3-4459-b5c5-a7c206a64ac1"},"description":null}],"last_modified":"2021-06-10T13:58:22.6247914Z"},{"id":"9eb8026f-851d-4f83-8bbf-4fc1c76dc384","file_name":"pexels-pixabay-159293.jpg","title":null,"size":942031,"type":"image/jpeg","url":"https://78511-assets-us-01.freetls.fastly.net/9759b78e-8790-003f-502b-b5d791c5962e/54893cd0-5bb7-4a52-bad3-229de6cb2170/pexels-pixabay-159293.jpg","image_width":3008,"image_height":2000,"file_reference":{"id":"54893cd0-5bb7-4a52-bad3-229de6cb2170","type":"internal"},"descriptions":[{"language":{"id":"00000000-0000-0000-0000-000000000000"},"description":null},{"language":{"id":"89fe7abf-daa3-4459-b5c5-a7c206a64ac1"},"description":null}],"last_modified":"2021-06-10T13:58:45.9074287Z"},{"id":"a5715686-0655-4b3d-8d6a-16da172dba85","file_name":"pexels-fauxels-3184339.jpg","title":null,"size":2153152,"type":"image/jpeg","url":"https://78511-assets-us-01.freetls.fastly.net/9759b78e-8790-003f-502b-b5d791c5962e/e5376028-6096-43dc-9ee3-0b68efa0a6ad/pexels-fauxels-3184339.jpg","image_width":6000,"image_height":4000,"file_reference":{"id":"e5376028-6096-43dc-9ee3-0b68efa0a6ad","type":"internal"},"descriptions":[{"language":{"id":"00000000-0000-0000-0000-000000000000"},"description":null},{"language":{"id":"89fe7abf-daa3-4459-b5c5-a7c206a64ac1"},"description":null}],"last_modified":"2021-06-10T13:58:57.2910454Z"},{"folder":{"id":"2cc04fd8-6c59-5cd2-b784-3c294e0d628e"},"id":"aa381789-df50-4167-acb8-c02f60e1d0b7","file_name":"pexels-pixabay-161872.jpg","title":null,"size":1896070,"type":"image/jpeg","url":"https://78511-assets-us-01.freetls.fastly.net/9759b78e-8790-003f-502b-b5d791c5962e/aba37bc2-d4cf-43b1-b800-ff2ed05e18e6/pexels-pixabay-161872.jpg","image_width":4608,"image_height":3072,"file_reference":{"id":"aba37bc2-d4cf-43b1-b800-ff2ed05e18e6","type":"internal"},"descriptions":[{"language":{"id":"00000000-0000-0000-0000-000000000000"},"description":null},{"language":{"id":"89fe7abf-daa3-4459-b5c5-a7c206a64ac1"},"description":null}],"last_modified":"2021-06-10T13:59:05.5237903Z"},{"folder":{"id":"8a56c4f7-d690-5754-87d1-425ed33c5b1b"},"id":"aa6af81d-f45c-42d2-aee7-647dee168610","file_name":"shutterstock_48384775.jpg","title":null,"size":2150371,"type":"image/jpeg","url":"https://78511-assets-us-01.freetls.fastly.net/9759b78e-8790-003f-502b-b5d791c5962e/c3ace3e1-c0de-4416-be66-bd9f899ecbae/shutterstock_48384775.jpg","image_width":3872,"image_height":2592,"file_reference":{"id":"c3ace3e1-c0de-4416-be66-bd9f899ecbae","type":"internal"},"descriptions":[{"language":{"id":"00000000-0000-0000-0000-000000000000"},"description":null},{"language":{"id":"89fe7abf-daa3-4459-b5c5-a7c206a64ac1"},"description":null}],"last_modified":"2021-06-10T13:58:55.0210104Z"},{"folder":{"id":"db13f2d8-f41b-5f84-9888-761e823ac83a"},"id":"af5105df-2ad9-4cc2-b348-fc200bc662bd","file_name":"kk-logo-hor-color-neg-rgb.svg","title":null,"size":2099,"type":"image/svg+xml","url":"https://78511-assets-us-01.freetls.fastly.net/9759b78e-8790-003f-502b-b5d791c5962e/709c51a8-4a3e-4a99-91aa-838d84576b74/kk-logo-hor-color-neg-rgb.svg","image_width":null,"image_height":null,"file_reference":{"id":"709c51a8-4a3e-4a99-91aa-838d84576b74","type":"internal"},"descriptions":[{"language":{"id":"00000000-0000-0000-0000-000000000000"},"description":null},{"language":{"id":"89fe7abf-daa3-4459-b5c5-a7c206a64ac1"},"description":null}],"last_modified":"2021-06-10T13:58:17.467572Z"},{"folder":{"id":"8a56c4f7-d690-5754-87d1-425ed33c5b1b"},"id":"b110cd37-817a-4cfe-adad-cc607ab3fd4f","file_name":"shutterstock_70000546.jpg","title":null,"size":45058,"type":"image/jpeg","url":"https://78511-assets-us-01.freetls.fastly.net/9759b78e-8790-003f-502b-b5d791c5962e/1e69d7bf-e66c-4c8b-b3a3-fee2c4b90939/shutterstock_70000546.jpg","image_width":1000,"image_height":772,"file_reference":{"id":"1e69d7bf-e66c-4c8b-b3a3-fee2c4b90939","type":"internal"},"descriptions":[{"language":{"id":"00000000-0000-0000-0000-000000000000"},"description":null},{"language":{"id":"89fe7abf-daa3-4459-b5c5-a7c206a64ac1"},"description":null}],"last_modified":"2021-06-10T13:59:25.7834382Z"},{"folder":{"id":"8a56c4f7-d690-5754-87d1-425ed33c5b1b"},"id":"b1725c2e-46cc-42dc-9db5-b0eee7439647","file_name":"pexels-pixabay-262488.jpg","title":null,"size":848034,"type":"image/jpeg","url":"https://78511-assets-us-01.freetls.fastly.net/9759b78e-8790-003f-502b-b5d791c5962e/f1757bd1-b472-414c-a8b7-c0bc60b4c36c/pexels-pixabay-262488.jpg","image_width":3648,"image_height":2736,"file_reference":{"id":"f1757bd1-b472-414c-a8b7-c0bc60b4c36c","type":"internal"},"descriptions":[{"language":{"id":"00000000-0000-0000-0000-000000000000"},"description":null},{"language":{"id":"89fe7abf-daa3-4459-b5c5-a7c206a64ac1"},"description":null}],"last_modified":"2021-06-10T13:58:43.6159403Z"},{"folder":{"id":"8a56c4f7-d690-5754-87d1-425ed33c5b1b"},"id":"b346db93-6717-41b9-b536-358382cff504","file_name":"pexels-the-coach-space-2977565.jpg","title":null,"size":2927370,"type":"image/jpeg","url":"https://78511-assets-us-01.freetls.fastly.net/9759b78e-8790-003f-502b-b5d791c5962e/178b5c01-6c90-4621-a38e-0ee07b31533e/pexels-the-coach-space-2977565.jpg","image_width":5970,"image_height":3980,"file_reference":{"id":"178b5c01-6c90-4621-a38e-0ee07b31533e","type":"internal"},"descriptions":[{"language":{"id":"00000000-0000-0000-0000-000000000000"},"description":null},{"language":{"id":"89fe7abf-daa3-4459-b5c5-a7c206a64ac1"},"description":null}],"last_modified":"2021-06-10T13:58:39.1271429Z"},{"folder":{"id":"f2a7e76d-7236-52f5-865b-70a103f3f660"},"id":"b73957b0-1419-4a26-b846-8dfee88f3f51","file_name":"pexels-fauxels-3184339.jpg","title":null,"size":2153152,"type":"image/jpeg","url":"https://78511-assets-us-01.freetls.fastly.net/9759b78e-8790-003f-502b-b5d791c5962e/76703f51-83b1-4b79-bd17-e46a717483f8/pexels-fauxels-3184339.jpg","image_width":6000,"image_height":4000,"file_reference":{"id":"76703f51-83b1-4b79-bd17-e46a717483f8","type":"internal"},"descriptions":[{"language":{"id":"00000000-0000-0000-0000-000000000000"},"description":null},{"language":{"id":"89fe7abf-daa3-4459-b5c5-a7c206a64ac1"},"description":null}],"last_modified":"2021-06-10T13:58:11.6280968Z"},{"folder":{"id":"8a56c4f7-d690-5754-87d1-425ed33c5b1b"},"id":"bc02b4f7-a9f6-4dc5-954d-5115e608b178","file_name":"pexels-pixabay-159519.jpg","title":null,"size":2102984,"type":"image/jpeg","url":"https://78511-assets-us-01.freetls.fastly.net/9759b78e-8790-003f-502b-b5d791c5962e/e2274a41-a7dd-45ec-b24a-55f2ddb3ff7a/pexels-pixabay-159519.jpg","image_width":6017,"image_height":4003,"file_reference":{"id":"e2274a41-a7dd-45ec-b24a-55f2ddb3ff7a","type":"internal"},"descriptions":[{"language":{"id":"00000000-0000-0000-0000-000000000000"},"description":null},{"language":{"id":"89fe7abf-daa3-4459-b5c5-a7c206a64ac1"},"description":null}],"last_modified":"2021-06-10T13:58:29.0980883Z"},{"folder":{"id":"8a56c4f7-d690-5754-87d1-425ed33c5b1b"},"id":"d071c66e-854c-4871-bc1b-96bf2125c2d9","file_name":"pexels-pixabay-461049.jpg","title":null,"size":3551786,"type":"image/jpeg","url":"https://78511-assets-us-01.freetls.fastly.net/9759b78e-8790-003f-502b-b5d791c5962e/3c776730-5b63-4bdf-b871-ce5c16cf0bf4/pexels-pixabay-461049.jpg","image_width":4643,"image_height":3761,"file_reference":{"id":"3c776730-5b63-4bdf-b871-ce5c16cf0bf4","type":"internal"},"descriptions":[{"language":{"id":"00000000-0000-0000-0000-000000000000"},"description":null},{"language":{"id":"89fe7abf-daa3-4459-b5c5-a7c206a64ac1"},"description":null}],"last_modified":"2021-06-10T13:58:03.3972003Z"},{"folder":{"id":"2cc04fd8-6c59-5cd2-b784-3c294e0d628e"},"id":"d3e98d27-d122-42cb-8d02-e3c93f576abf","file_name":"pexels-iconcom-226569.jpg","title":null,"size":850842,"type":"image/jpeg","url":"https://78511-assets-us-01.freetls.fastly.net/9759b78e-8790-003f-502b-b5d791c5962e/16122efb-5278-49fe-939b-7feecf51dfdd/pexels-iconcom-226569.jpg","image_width":3264,"image_height":2448,"file_reference":{"id":"16122efb-5278-49fe-939b-7feecf51dfdd","type":"internal"},"descriptions":[{"language":{"id":"00000000-0000-0000-0000-000000000000"},"description":null},{"language":{"id":"89fe7abf-daa3-4459-b5c5-a7c206a64ac1"},"description":null}],"last_modified":"2021-06-10T13:58:05.1752257Z"},{"folder":{"id":"db13f2d8-f41b-5f84-9888-761e823ac83a"},"id":"f3115869-8f0a-4116-8522-c5b37fd55c19","file_name":"kk-logo-short-color-pos-rgb-500px.svg","title":null,"size":657,"type":"image/svg+xml","url":"https://78511-assets-us-01.freetls.fastly.net/9759b78e-8790-003f-502b-b5d791c5962e/6a059297-6ab9-44fe-8239-a497457732be/kk-logo-short-color-pos-rgb-500px.svg","image_width":null,"image_height":null,"file_reference":{"id":"6a059297-6ab9-44fe-8239-a497457732be","type":"internal"},"descriptions":[{"language":{"id":"00000000-0000-0000-0000-000000000000"},"description":null},{"language":{"id":"89fe7abf-daa3-4459-b5c5-a7c206a64ac1"},"description":null}],"last_modified":"2021-06-10T13:59:08.8397774Z"},{"folder":{"id":"53cadfb9-697b-564e-8f92-bf39b9b7fdc9"},"id":"f55abe6b-7e4f-4670-bb1c-99f53e1611ce","file_name":"pexels-godisable-jacob-718978.jpg","title":null,"size":2641328,"type":"image/jpeg","url":"https://78511-assets-us-01.freetls.fastly.net/9759b78e-8790-003f-502b-b5d791c5962e/c31144dc-8277-4706-8831-fbe3d6f3cc2e/pexels-godisable-jacob-718978.jpg","image_width":3648,"image_height":5472,"file_reference":{"id":"c31144dc-8277-4706-8831-fbe3d6f3cc2e","type":"internal"},"descriptions":[{"language":{"id":"00000000-0000-0000-0000-000000000000"},"description":null},{"language":{"id":"89fe7abf-daa3-4459-b5c5-a7c206a64ac1"},"description":null}],"last_modified":"2021-06-10T13:58:16.3366458Z"},{"folder":{"id":"2cc04fd8-6c59-5cd2-b784-3c294e0d628e"},"id":"fc035d35-4f09-49c7-90f6-81716ad2281c","file_name":"pexels-gratisography-2882.jpg","title":null,"size":2102969,"type":"image/jpeg","url":"https://78511-assets-us-01.freetls.fastly.net/9759b78e-8790-003f-502b-b5d791c5962e/eb4516a0-eff2-4ae0-9aef-30fadbe24cbb/pexels-gratisography-2882.jpg","image_width":5472,"image_height":3648,"file_reference":{"id":"eb4516a0-eff2-4ae0-9aef-30fadbe24cbb","type":"internal"},"descriptions":[{"language":{"id":"00000000-0000-0000-0000-000000000000"},"description":null},{"language":{"id":"89fe7abf-daa3-4459-b5c5-a7c206a64ac1"},"description":null}],"last_modified":"2021-06-10T13:59:21.3392239Z"},{"folder":{"id":"db13f2d8-f41b-5f84-9888-761e823ac83a"},"id":"ff47c4ce-52d1-4d42-9d52-bb28050adcf6","file_name":"logo.svg","title":null,"size":3833,"type":"image/svg+xml","url":"https://78511-assets-us-01.freetls.fastly.net/9759b78e-8790-003f-502b-b5d791c5962e/cfa5b701-a979-4b6c-9c0a-6d7da1b18134/logo.svg","image_width":null,"image_height":null,"file_reference":{"id":"cfa5b701-a979-4b6c-9c0a-6d7da1b18134","type":"internal"},"descriptions":[{"language":{"id":"00000000-0000-0000-0000-000000000000"},"description":null},{"language":{"id":"89fe7abf-daa3-4459-b5c5-a7c206a64ac1"},"description":null}],"last_modified":"2021-06-10T13:59:16.3330979Z"}]