[{"id":"7703a8cb-8c7f-5f61-8f8a-7ca3cc4c9917","external_id":"75dc68ab-0cb0-4920-96ed-fff6c20a3abb","name":"Layout","folders":[]},{"id":"ecc62f15-6fb3-5af1-b46a-79d2d9a1726a","external_id":"c1e21cd3-ddad-4f8f-9184-caf85046bad7","name":"Profile Photos","folders":[]},{"id":"b810860f-9aa3-5968-8f9e-de71e8af3003","external_id":"66ab8f57-03d8-49b5-81c4-e07cac8696b0","name":"Posts","folders":[]},{"id":"3d109ec3-f12f-5f8d-807a-ddbc2806f87e","external_id":"72f14452-91ce-432a-b8a9-2974959f4322","name":"Main","folders":[]},{"id":"0c8236fb-025c-5ff1-b471-1da377ecd443","external_id":"513a747b-1306-4ac5-b5ba-cb4740fcc757","name":"Features","folders":[]}]