[{"folder":{"id":"8a56c4f7-d690-5754-87d1-425ed33c5b1b"},"id":"06aa81ff-7c5e-4c30-a9e1-a50c288d970d","file_name":"pexels-porapak-apichodilok-346885.jpg","title":null,"size":3016169,"type":"image/jpeg","url":"https://assets-eu-01.kc-usercontent.com/ad25961e-f934-01dc-e1fa-f4dd41b84df2/83701025-560e-4541-8e9e-c904e54f24d0/pexels-porapak-apichodilok-346885.jpg","image_width":5184,"image_height":3456,"file_reference":{"id":"83701025-560e-4541-8e9e-c904e54f24d0","type":"internal"},"descriptions":[{"language":{"id":"00000000-0000-0000-0000-000000000000"},"description":null},{"language":{"id":"026de2a5-6239-457e-a161-efc17a612bd5"},"description":null}],"last_modified":"2021-06-07T17:01:39.61818Z"},{"folder":{"id":"db13f2d8-f41b-5f84-9888-761e823ac83a"},"id":"08eaa34f-7256-4481-a74d-574dcb7d2bb9","file_name":"kk-logo-hor-color-neg-rgb.svg","title":null,"size":2099,"type":"image/svg+xml","url":"https://assets-eu-01.kc-usercontent.com/ad25961e-f934-01dc-e1fa-f4dd41b84df2/8a0f8d61-298a-4ad5-991e-c288e7157eb6/kk-logo-hor-color-neg-rgb.svg","image_width":null,"image_height":null,"file_reference":{"id":"8a0f8d61-298a-4ad5-991e-c288e7157eb6","type":"internal"},"descriptions":[{"language":{"id":"00000000-0000-0000-0000-000000000000"},"description":null},{"language":{"id":"026de2a5-6239-457e-a161-efc17a612bd5"},"description":null}],"last_modified":"2021-06-07T17:00:57.1648146Z"},{"folder":{"id":"53cadfb9-697b-564e-8f92-bf39b9b7fdc9"},"id":"1278c6ad-325a-482b-86c5-55a447b85879","file_name":"pexels-godisable-jacob-718978.jpg","title":null,"size":2641328,"type":"image/jpeg","url":"https://assets-eu-01.kc-usercontent.com/ad25961e-f934-01dc-e1fa-f4dd41b84df2/b1f1a1d9-01b5-4d6b-89bd-9e982bf9a53f/pexels-godisable-jacob-718978.jpg","image_width":3648,"image_height":5472,"file_reference":{"id":"b1f1a1d9-01b5-4d6b-89bd-9e982bf9a53f","type":"internal"},"descriptions":[{"language":{"id":"00000000-0000-0000-0000-000000000000"},"description":null},{"language":{"id":"026de2a5-6239-457e-a161-efc17a612bd5"},"description":null}],"last_modified":"2021-06-07T17:00:56.9929109Z"},{"folder":{"id":"8a56c4f7-d690-5754-87d1-425ed33c5b1b"},"id":"21b30308-6520-4ba3-84ae-649ab413533a","file_name":"pexels-energepiccom-159888.jpg","title":null,"size":963299,"type":"image/jpeg","url":"https://assets-eu-01.kc-usercontent.com/ad25961e-f934-01dc-e1fa-f4dd41b84df2/6cb0ddb0-fc8f-4737-be2e-96dee4965e1d/pexels-energepiccom-159888.jpg","image_width":4608,"image_height":3456,"file_reference":{"id":"6cb0ddb0-fc8f-4737-be2e-96dee4965e1d","type":"internal"},"descriptions":[{"language":{"id":"00000000-0000-0000-0000-000000000000"},"description":null},{"language":{"id":"026de2a5-6239-457e-a161-efc17a612bd5"},"description":null}],"last_modified":"2021-06-07T17:01:26.0672596Z"},{"folder":{"id":"8a56c4f7-d690-5754-87d1-425ed33c5b1b"},"id":"2d1966da-0092-4c94-ae7e-c34711970bd9","file_name":"pexels-anna-shvets-5324973.jpg","title":null,"size":3773998,"type":"image/jpeg","url":"https://assets-eu-01.kc-usercontent.com/ad25961e-f934-01dc-e1fa-f4dd41b84df2/9773ad70-6c01-4587-9e82-8acfba078089/pexels-anna-shvets-5324973.jpg","image_width":5445,"image_height":3630,"file_reference":{"id":"9773ad70-6c01-4587-9e82-8acfba078089","type":"internal"},"descriptions":[{"language":{"id":"00000000-0000-0000-0000-000000000000"},"description":null},{"language":{"id":"026de2a5-6239-457e-a161-efc17a612bd5"},"description":null}],"last_modified":"2021-06-07T17:01:10.8168339Z"},{"folder":{"id":"8a56c4f7-d690-5754-87d1-425ed33c5b1b"},"id":"2d226fc5-092e-40b1-8c78-3b6ca341f84e","file_name":"pexels-fauxels-3182747.jpg","title":null,"size":1862520,"type":"image/jpeg","url":"https://assets-eu-01.kc-usercontent.com/ad25961e-f934-01dc-e1fa-f4dd41b84df2/f6dc8402-3d64-4f45-9934-215520e9457d/pexels-fauxels-3182747.jpg","image_width":6000,"image_height":4000,"file_reference":{"id":"f6dc8402-3d64-4f45-9934-215520e9457d","type":"internal"},"descriptions":[{"language":{"id":"00000000-0000-0000-0000-000000000000"},"description":null},{"language":{"id":"026de2a5-6239-457e-a161-efc17a612bd5"},"description":null}],"last_modified":"2021-06-07T17:01:19.8876106Z"},{"folder":{"id":"2cc04fd8-6c59-5cd2-b784-3c294e0d628e"},"id":"2e3a1c13-5f52-4e56-a653-67b7e5ece6fc","file_name":"pexels-pixabay-356043.jpg","title":null,"size":2138006,"type":"image/jpeg","url":"https://assets-eu-01.kc-usercontent.com/ad25961e-f934-01dc-e1fa-f4dd41b84df2/27ef0796-37e0-4094-9a2e-982949adf72e/pexels-pixabay-356043.jpg","image_width":4364,"image_height":2667,"file_reference":{"id":"27ef0796-37e0-4094-9a2e-982949adf72e","type":"internal"},"descriptions":[{"language":{"id":"00000000-0000-0000-0000-000000000000"},"description":null},{"language":{"id":"026de2a5-6239-457e-a161-efc17a612bd5"},"description":null}],"last_modified":"2021-06-07T17:01:00.5818012Z"},{"folder":{"id":"f2a7e76d-7236-52f5-865b-70a103f3f660"},"id":"3d110bf4-3584-4f18-ba9c-5df3fe7455f0","file_name":"pexels-fauxels-3184339.jpg","title":null,"size":2153152,"type":"image/jpeg","url":"https://assets-eu-01.kc-usercontent.com/ad25961e-f934-01dc-e1fa-f4dd41b84df2/2b401731-65e3-41e5-aa90-21040c61b384/pexels-fauxels-3184339.jpg","image_width":6000,"image_height":4000,"file_reference":{"id":"2b401731-65e3-41e5-aa90-21040c61b384","type":"internal"},"descriptions":[{"language":{"id":"00000000-0000-0000-0000-000000000000"},"description":null},{"language":{"id":"026de2a5-6239-457e-a161-efc17a612bd5"},"description":null}],"last_modified":"2021-06-07T17:00:54.3365422Z"},{"folder":{"id":"2cc04fd8-6c59-5cd2-b784-3c294e0d628e"},"id":"44c90683-9750-4b51-8588-e3fad8fabc7f","file_name":"laptop.svg","title":null,"size":2704,"type":"image/svg+xml","url":"https://assets-eu-01.kc-usercontent.com/ad25961e-f934-01dc-e1fa-f4dd41b84df2/4681a8e4-a9bf-4d2b-aabc-7392d3063be0/laptop.svg","image_width":null,"image_height":null,"file_reference":{"id":"4681a8e4-a9bf-4d2b-aabc-7392d3063be0","type":"internal"},"descriptions":[{"language":{"id":"00000000-0000-0000-0000-000000000000"},"description":null},{"language":{"id":"026de2a5-6239-457e-a161-efc17a612bd5"},"description":null}],"last_modified":"2021-06-07T17:01:18.8079273Z"},{"folder":{"id":"8a56c4f7-d690-5754-87d1-425ed33c5b1b"},"id":"50d9a9b8-b542-475d-abd2-663197dde7af","file_name":"shutterstock_48384775.jpg","title":null,"size":2150371,"type":"image/jpeg","url":"https://assets-eu-01.kc-usercontent.com/ad25961e-f934-01dc-e1fa-f4dd41b84df2/137ef9da-6721-4cb3-80b8-e6d718aaefc3/shutterstock_48384775.jpg","image_width":3872,"image_height":2592,"file_reference":{"id":"137ef9da-6721-4cb3-80b8-e6d718aaefc3","type":"internal"},"descriptions":[{"language":{"id":"00000000-0000-0000-0000-000000000000"},"description":null},{"language":{"id":"026de2a5-6239-457e-a161-efc17a612bd5"},"description":null}],"last_modified":"2021-06-07T17:01:21.8444272Z"},{"folder":{"id":"8a56c4f7-d690-5754-87d1-425ed33c5b1b"},"id":"50de3154-6cc3-4f7e-a3ed-9eff082966c2","file_name":"pexels-gratisography-2882.jpg","title":null,"size":2102969,"type":"image/jpeg","url":"https://assets-eu-01.kc-usercontent.com/ad25961e-f934-01dc-e1fa-f4dd41b84df2/32800ac2-b38b-4bd4-8922-365bd5f30422/pexels-gratisography-2882.jpg","image_width":5472,"image_height":3648,"file_reference":{"id":"32800ac2-b38b-4bd4-8922-365bd5f30422","type":"internal"},"descriptions":[{"language":{"id":"00000000-0000-0000-0000-000000000000"},"description":null},{"language":{"id":"026de2a5-6239-457e-a161-efc17a612bd5"},"description":null}],"last_modified":"2021-06-07T17:01:27.9344774Z"},{"folder":{"id":"8a56c4f7-d690-5754-87d1-425ed33c5b1b"},"id":"6493c589-e337-46c4-8141-34790cb9a57a","file_name":"shutterstock_241510420.jpg","title":null,"size":811097,"type":"image/jpeg","url":"https://assets-eu-01.kc-usercontent.com/ad25961e-f934-01dc-e1fa-f4dd41b84df2/3e7b3f29-a0cb-42b9-bd57-b3aa829160bc/shutterstock_241510420.jpg","image_width":3192,"image_height":2124,"file_reference":{"id":"3e7b3f29-a0cb-42b9-bd57-b3aa829160bc","type":"internal"},"descriptions":[{"language":{"id":"00000000-0000-0000-0000-000000000000"},"description":null},{"language":{"id":"026de2a5-6239-457e-a161-efc17a612bd5"},"description":null}],"last_modified":"2021-06-07T17:00:55.1803205Z"},{"folder":{"id":"f2a7e76d-7236-52f5-865b-70a103f3f660"},"id":"673bb863-2abb-4bca-918b-3894fbf36d2d","file_name":"5f65c4c9-6006-471c-a8b9-a2071915254c_how-is-caas-diff---illustration@4x-edited.png","title":null,"size":98467,"type":"image/png","url":"https://assets-eu-01.kc-usercontent.com/ad25961e-f934-01dc-e1fa-f4dd41b84df2/089b0aa1-4fe2-438a-abb0-1e5ade34502f/5f65c4c9-6006-471c-a8b9-a2071915254c_how-is-caas-diff---illustration%404x-edited.png","image_width":1601,"image_height":1041,"file_reference":{"id":"089b0aa1-4fe2-438a-abb0-1e5ade34502f","type":"internal"},"descriptions":[{"language":{"id":"00000000-0000-0000-0000-000000000000"},"description":null},{"language":{"id":"026de2a5-6239-457e-a161-efc17a612bd5"},"description":null}],"last_modified":"2021-06-07T17:01:35.3359751Z"},{"folder":{"id":"8a56c4f7-d690-5754-87d1-425ed33c5b1b"},"id":"71c610b9-365e-4316-b45f-d4fd7edf8ebf","file_name":"pexels-the-coach-space-2977565.jpg","title":null,"size":2927370,"type":"image/jpeg","url":"https://assets-eu-01.kc-usercontent.com/ad25961e-f934-01dc-e1fa-f4dd41b84df2/5e236121-56ec-4580-90be-e2709254011c/pexels-the-coach-space-2977565.jpg","image_width":5970,"image_height":3980,"file_reference":{"id":"5e236121-56ec-4580-90be-e2709254011c","type":"internal"},"descriptions":[{"language":{"id":"00000000-0000-0000-0000-000000000000"},"description":null},{"language":{"id":"026de2a5-6239-457e-a161-efc17a612bd5"},"description":null}],"last_modified":"2021-06-07T17:01:13.4983064Z"},{"folder":{"id":"2cc04fd8-6c59-5cd2-b784-3c294e0d628e"},"id":"74a6b012-ec16-4089-9786-afe90b374425","file_name":"pexels-lukas-590020.jpg","title":null,"size":2072043,"type":"image/jpeg","url":"https://assets-eu-01.kc-usercontent.com/ad25961e-f934-01dc-e1fa-f4dd41b84df2/75d398af-eeb0-4318-93aa-65c0f1005ab1/pexels-lukas-590020.jpg","image_width":6144,"image_height":4069,"file_reference":{"id":"75d398af-eeb0-4318-93aa-65c0f1005ab1","type":"internal"},"descriptions":[{"language":{"id":"00000000-0000-0000-0000-000000000000"},"description":"Benefits for everyone"},{"language":{"id":"026de2a5-6239-457e-a161-efc17a612bd5"},"description":null}],"last_modified":"2021-06-07T17:01:07.316531Z"},{"folder":{"id":"db13f2d8-f41b-5f84-9888-761e823ac83a"},"id":"7823871a-40fd-4d2a-8813-7120cc952a61","file_name":"favicon.svg","title":null,"size":3201,"type":"image/svg+xml","url":"https://assets-eu-01.kc-usercontent.com/ad25961e-f934-01dc-e1fa-f4dd41b84df2/99a7bfc6-d848-49fc-834a-1882ecd89b84/favicon.svg","image_width":null,"image_height":null,"file_reference":{"id":"99a7bfc6-d848-49fc-834a-1882ecd89b84","type":"internal"},"descriptions":[{"language":{"id":"00000000-0000-0000-0000-000000000000"},"description":null},{"language":{"id":"026de2a5-6239-457e-a161-efc17a612bd5"},"description":null}],"last_modified":"2021-06-07T17:01:18.6047543Z"},{"folder":{"id":"53cadfb9-697b-564e-8f92-bf39b9b7fdc9"},"id":"9027a58f-d8b3-45b4-8faf-494506cc7810","file_name":"radek[1].jpg","title":null,"size":139708,"type":"image/jpeg","url":"https://assets-eu-01.kc-usercontent.com/ad25961e-f934-01dc-e1fa-f4dd41b84df2/fbb72233-3ea9-41ba-ab50-53f6ace87f6f/radek%5B1%5D.jpg","image_width":1000,"image_height":1000,"file_reference":{"id":"fbb72233-3ea9-41ba-ab50-53f6ace87f6f","type":"internal"},"descriptions":[{"language":{"id":"00000000-0000-0000-0000-000000000000"},"description":null},{"language":{"id":"026de2a5-6239-457e-a161-efc17a612bd5"},"description":null}],"last_modified":"2021-06-07T17:00:52.4672107Z"},{"folder":{"id":"2cc04fd8-6c59-5cd2-b784-3c294e0d628e"},"id":"97d93138-9ac6-4b91-87ea-c8d094146e43","file_name":"graphic_standing.svg","title":null,"size":22446,"type":"image/svg+xml","url":"https://assets-eu-01.kc-usercontent.com/ad25961e-f934-01dc-e1fa-f4dd41b84df2/22d3679e-410a-49e8-86aa-370913375a8b/graphic_standing.svg","image_width":null,"image_height":null,"file_reference":{"id":"22d3679e-410a-49e8-86aa-370913375a8b","type":"internal"},"descriptions":[{"language":{"id":"00000000-0000-0000-0000-000000000000"},"description":null},{"language":{"id":"026de2a5-6239-457e-a161-efc17a612bd5"},"description":null}],"last_modified":"2021-06-07T17:00:48.5528086Z"},{"folder":{"id":"f2a7e76d-7236-52f5-865b-70a103f3f660"},"id":"989a5956-e8fa-41a8-8ceb-a3e73fcbb4df","file_name":"pexels-anna-tarazevich-5697255.jpg","title":null,"size":404969,"type":"image/jpeg","url":"https://assets-eu-01.kc-usercontent.com/ad25961e-f934-01dc-e1fa-f4dd41b84df2/56f157c2-14bf-4de0-9781-5e2126648b6b/pexels-anna-tarazevich-5697255.jpg","image_width":3500,"image_height":2333,"file_reference":{"id":"56f157c2-14bf-4de0-9781-5e2126648b6b","type":"internal"},"descriptions":[{"language":{"id":"00000000-0000-0000-0000-000000000000"},"description":null},{"language":{"id":"026de2a5-6239-457e-a161-efc17a612bd5"},"description":null}],"last_modified":"2021-06-07T17:01:13.9827099Z"},{"folder":{"id":"f2a7e76d-7236-52f5-865b-70a103f3f660"},"id":"9e1e9e16-b4a6-4a48-88f2-6568ddc02891","file_name":"kk-card-image-img - deep dive edited.png","title":null,"size":28113,"type":"image/png","url":"https://assets-eu-01.kc-usercontent.com/ad25961e-f934-01dc-e1fa-f4dd41b84df2/39fd9a39-a7c3-448a-9f5c-9dc71a34898d/kk-card-image-img%20-%20deep%20dive%20edited.png","image_width":517,"image_height":323,"file_reference":{"id":"39fd9a39-a7c3-448a-9f5c-9dc71a34898d","type":"internal"},"descriptions":[{"language":{"id":"00000000-0000-0000-0000-000000000000"},"description":null},{"language":{"id":"026de2a5-6239-457e-a161-efc17a612bd5"},"description":null}],"last_modified":"2021-06-07T17:01:33.3339477Z"},{"folder":{"id":"53cadfb9-697b-564e-8f92-bf39b9b7fdc9"},"id":"9ffb64bf-62b9-4cdf-84d9-323cdc08e0db","file_name":"pexels-simon-robben-614810.jpg","title":null,"size":1732114,"type":"image/jpeg","url":"https://assets-eu-01.kc-usercontent.com/ad25961e-f934-01dc-e1fa-f4dd41b84df2/8cbffbdb-58b3-4703-b27e-9329d8d603ed/pexels-simon-robben-614810.jpg","image_width":4684,"image_height":4000,"file_reference":{"id":"8cbffbdb-58b3-4703-b27e-9329d8d603ed","type":"internal"},"descriptions":[{"language":{"id":"00000000-0000-0000-0000-000000000000"},"description":null},{"language":{"id":"026de2a5-6239-457e-a161-efc17a612bd5"},"description":null}],"last_modified":"2021-06-07T17:00:58.7905295Z"},{"folder":{"id":"8a56c4f7-d690-5754-87d1-425ed33c5b1b"},"id":"a16c6e58-9f71-4148-b865-00ba6b62d1af","file_name":"pexels-pixabay-461049.jpg","title":null,"size":3551786,"type":"image/jpeg","url":"https://assets-eu-01.kc-usercontent.com/ad25961e-f934-01dc-e1fa-f4dd41b84df2/21746cef-74e7-4667-83b3-05bc741827d9/pexels-pixabay-461049.jpg","image_width":4643,"image_height":3761,"file_reference":{"id":"21746cef-74e7-4667-83b3-05bc741827d9","type":"internal"},"descriptions":[{"language":{"id":"00000000-0000-0000-0000-000000000000"},"description":null},{"language":{"id":"026de2a5-6239-457e-a161-efc17a612bd5"},"description":null}],"last_modified":"2021-06-07T17:00:51.5140422Z"},{"folder":{"id":"2cc04fd8-6c59-5cd2-b784-3c294e0d628e"},"id":"a9064724-f48c-4970-ba01-d16141a442d5","file_name":"pexels-gratisography-2882.jpg","title":null,"size":2102969,"type":"image/jpeg","url":"https://assets-eu-01.kc-usercontent.com/ad25961e-f934-01dc-e1fa-f4dd41b84df2/8a872118-3ec0-4e44-b84f-0064ab074d65/pexels-gratisography-2882.jpg","image_width":5472,"image_height":3648,"file_reference":{"id":"8a872118-3ec0-4e44-b84f-0064ab074d65","type":"internal"},"descriptions":[{"language":{"id":"00000000-0000-0000-0000-000000000000"},"description":null},{"language":{"id":"026de2a5-6239-457e-a161-efc17a612bd5"},"description":null}],"last_modified":"2021-06-07T17:01:36.8829616Z"},{"folder":{"id":"8a56c4f7-d690-5754-87d1-425ed33c5b1b"},"id":"ab723065-2f04-4c02-88db-f5ccac4e447d","file_name":"pexels-anna-shvets-3986999.jpg","title":null,"size":3880453,"type":"image/jpeg","url":"https://assets-eu-01.kc-usercontent.com/ad25961e-f934-01dc-e1fa-f4dd41b84df2/99437e06-fb0d-4afd-a7a1-4ec23deb64e1/pexels-anna-shvets-3986999.jpg","image_width":6000,"image_height":4000,"file_reference":{"id":"99437e06-fb0d-4afd-a7a1-4ec23deb64e1","type":"internal"},"descriptions":[{"language":{"id":"00000000-0000-0000-0000-000000000000"},"description":null},{"language":{"id":"026de2a5-6239-457e-a161-efc17a612bd5"},"description":null}],"last_modified":"2021-06-07T17:01:03.5975803Z"},{"folder":{"id":"53cadfb9-697b-564e-8f92-bf39b9b7fdc9"},"id":"af76570e-2973-4118-82e1-a043de81ae83","file_name":"pexels-creation-hill-1681010.jpg","title":null,"size":3293684,"type":"image/jpeg","url":"https://assets-eu-01.kc-usercontent.com/ad25961e-f934-01dc-e1fa-f4dd41b84df2/78e9b81c-f4b3-4aff-ab51-d40b2e117517/pexels-creation-hill-1681010.jpg","image_width":3456,"image_height":5184,"file_reference":{"id":"78e9b81c-f4b3-4aff-ab51-d40b2e117517","type":"internal"},"descriptions":[{"language":{"id":"00000000-0000-0000-0000-000000000000"},"description":null},{"language":{"id":"026de2a5-6239-457e-a161-efc17a612bd5"},"description":null}],"last_modified":"2021-06-07T17:01:33.099564Z"},{"folder":{"id":"53cadfb9-697b-564e-8f92-bf39b9b7fdc9"},"id":"b01a5214-ec27-4ce0-a4ac-3f784e4bc73a","file_name":"pexels-andrea-piacquadio-774909.jpg","title":null,"size":1857717,"type":"image/jpeg","url":"https://assets-eu-01.kc-usercontent.com/ad25961e-f934-01dc-e1fa-f4dd41b84df2/4dbadf36-0612-40c6-8bee-67f9f4e0b54a/pexels-andrea-piacquadio-774909.jpg","image_width":3840,"image_height":5760,"file_reference":{"id":"4dbadf36-0612-40c6-8bee-67f9f4e0b54a","type":"internal"},"descriptions":[{"language":{"id":"00000000-0000-0000-0000-000000000000"},"description":null},{"language":{"id":"026de2a5-6239-457e-a161-efc17a612bd5"},"description":null}],"last_modified":"2021-06-07T17:01:25.4540255Z"},{"folder":{"id":"8a56c4f7-d690-5754-87d1-425ed33c5b1b"},"id":"b706e144-8b80-4be2-b898-72ccfa19285c","file_name":"pexels-marily-torres-776615.jpg","title":null,"size":2462393,"type":"image/jpeg","url":"https://assets-eu-01.kc-usercontent.com/ad25961e-f934-01dc-e1fa-f4dd41b84df2/2bc552c0-d88b-4f12-ad59-1d48b50b92d8/pexels-marily-torres-776615.jpg","image_width":5905,"image_height":3937,"file_reference":{"id":"2bc552c0-d88b-4f12-ad59-1d48b50b92d8","type":"internal"},"descriptions":[{"language":{"id":"00000000-0000-0000-0000-000000000000"},"description":null},{"language":{"id":"026de2a5-6239-457e-a161-efc17a612bd5"},"description":null}],"last_modified":"2021-06-07T17:01:18.3860071Z"},{"folder":{"id":"8a56c4f7-d690-5754-87d1-425ed33c5b1b"},"id":"b867bcbd-7cd5-4c7b-a759-4ade67122a44","file_name":"pexels-pixabay-159519.jpg","title":null,"size":2102984,"type":"image/jpeg","url":"https://assets-eu-01.kc-usercontent.com/ad25961e-f934-01dc-e1fa-f4dd41b84df2/044ddcdc-50f3-42ae-90fc-36537660f7f9/pexels-pixabay-159519.jpg","image_width":6017,"image_height":4003,"file_reference":{"id":"044ddcdc-50f3-42ae-90fc-36537660f7f9","type":"internal"},"descriptions":[{"language":{"id":"00000000-0000-0000-0000-000000000000"},"description":null},{"language":{"id":"026de2a5-6239-457e-a161-efc17a612bd5"},"description":null}],"last_modified":"2021-06-07T17:01:05.4101809Z"},{"folder":{"id":"db13f2d8-f41b-5f84-9888-761e823ac83a"},"id":"beba5a4a-aec0-4f81-b0e7-d47bdd5eb1b2","file_name":"kk-logo-hor-color-neg-sz-rgb.png","title":null,"size":6809,"type":"image/png","url":"https://assets-eu-01.kc-usercontent.com/ad25961e-f934-01dc-e1fa-f4dd41b84df2/57a16d78-fed0-41c0-8d11-89dd3feee0ce/kk-logo-hor-color-neg-sz-rgb.png","image_width":1200,"image_height":520,"file_reference":{"id":"57a16d78-fed0-41c0-8d11-89dd3feee0ce","type":"internal"},"descriptions":[{"language":{"id":"00000000-0000-0000-0000-000000000000"},"description":null},{"language":{"id":"026de2a5-6239-457e-a161-efc17a612bd5"},"description":null}],"last_modified":"2021-06-07T17:01:35.5235676Z"},{"folder":{"id":"2cc04fd8-6c59-5cd2-b784-3c294e0d628e"},"id":"c06b6624-846e-43f6-bd08-ac676aa23d0c","file_name":"pexels-pixabay-161872.jpg","title":null,"size":1896070,"type":"image/jpeg","url":"https://assets-eu-01.kc-usercontent.com/ad25961e-f934-01dc-e1fa-f4dd41b84df2/f0d9f21c-331e-4fec-9854-5cddb4150217/pexels-pixabay-161872.jpg","image_width":4608,"image_height":3072,"file_reference":{"id":"f0d9f21c-331e-4fec-9854-5cddb4150217","type":"internal"},"descriptions":[{"language":{"id":"00000000-0000-0000-0000-000000000000"},"description":null},{"language":{"id":"026de2a5-6239-457e-a161-efc17a612bd5"},"description":null}],"last_modified":"2021-06-07T17:01:29.7702592Z"},{"folder":{"id":"db13f2d8-f41b-5f84-9888-761e823ac83a"},"id":"cb2f4476-8f40-4597-8f88-d920908ff401","file_name":"logo.svg","title":null,"size":3833,"type":"image/svg+xml","url":"https://assets-eu-01.kc-usercontent.com/ad25961e-f934-01dc-e1fa-f4dd41b84df2/4436091d-dba3-45ce-a96c-2b49cf652c89/logo.svg","image_width":null,"image_height":null,"file_reference":{"id":"4436091d-dba3-45ce-a96c-2b49cf652c89","type":"internal"},"descriptions":[{"language":{"id":"00000000-0000-0000-0000-000000000000"},"description":null},{"language":{"id":"026de2a5-6239-457e-a161-efc17a612bd5"},"description":null}],"last_modified":"2021-06-07T17:01:35.1328555Z"},{"folder":{"id":"53cadfb9-697b-564e-8f92-bf39b9b7fdc9"},"id":"cdf3cdc4-41f5-4ced-a540-d9bb94843de6","file_name":"pexels-pixabay-415829.jpg","title":null,"size":2156096,"type":"image/jpeg","url":"https://assets-eu-01.kc-usercontent.com/ad25961e-f934-01dc-e1fa-f4dd41b84df2/9f7266b5-06a6-4ebc-9fea-2d009e53001a/pexels-pixabay-415829.jpg","image_width":5760,"image_height":5075,"file_reference":{"id":"9f7266b5-06a6-4ebc-9fea-2d009e53001a","type":"internal"},"descriptions":[{"language":{"id":"00000000-0000-0000-0000-000000000000"},"description":null},{"language":{"id":"026de2a5-6239-457e-a161-efc17a612bd5"},"description":null}],"last_modified":"2021-06-07T17:01:34.9453436Z"},{"folder":{"id":"db13f2d8-f41b-5f84-9888-761e823ac83a"},"id":"d4c23327-5342-4630-9ba9-9e0db6944685","file_name":"kk-logo-short-color-pos-rgb-500px.svg","title":null,"size":657,"type":"image/svg+xml","url":"https://assets-eu-01.kc-usercontent.com/ad25961e-f934-01dc-e1fa-f4dd41b84df2/343ea9be-2b0d-49ed-85c4-d0b82d154917/kk-logo-short-color-pos-rgb-500px.svg","image_width":null,"image_height":null,"file_reference":{"id":"343ea9be-2b0d-49ed-85c4-d0b82d154917","type":"internal"},"descriptions":[{"language":{"id":"00000000-0000-0000-0000-000000000000"},"description":null},{"language":{"id":"026de2a5-6239-457e-a161-efc17a612bd5"},"description":null}],"last_modified":"2021-06-07T17:01:30.4734462Z"},{"id":"d6219f02-6e05-4303-9a01-cd7cbd027af2","file_name":"pexels-pixabay-159293.jpg","title":null,"size":942031,"type":"image/jpeg","url":"https://assets-eu-01.kc-usercontent.com/ad25961e-f934-01dc-e1fa-f4dd41b84df2/2db43aaa-133d-4be7-b6ec-069aa964b4a0/pexels-pixabay-159293.jpg","image_width":3008,"image_height":2000,"file_reference":{"id":"2db43aaa-133d-4be7-b6ec-069aa964b4a0","type":"internal"},"descriptions":[{"language":{"id":"00000000-0000-0000-0000-000000000000"},"description":null},{"language":{"id":"026de2a5-6239-457e-a161-efc17a612bd5"},"description":null}],"last_modified":"2021-06-07T17:01:15.8223691Z"},{"folder":{"id":"8a56c4f7-d690-5754-87d1-425ed33c5b1b"},"id":"da151418-97f4-4f88-b06b-94bc4045135f","file_name":"shutterstock_70000546.jpg","title":null,"size":45058,"type":"image/jpeg","url":"https://assets-eu-01.kc-usercontent.com/ad25961e-f934-01dc-e1fa-f4dd41b84df2/c2ffdb85-564d-4696-97e4-250a5f05d66a/shutterstock_70000546.jpg","image_width":1000,"image_height":772,"file_reference":{"id":"c2ffdb85-564d-4696-97e4-250a5f05d66a","type":"internal"},"descriptions":[{"language":{"id":"00000000-0000-0000-0000-000000000000"},"description":null},{"language":{"id":"026de2a5-6239-457e-a161-efc17a612bd5"},"description":null}],"last_modified":"2021-06-07T17:01:39.8213361Z"},{"folder":{"id":"db13f2d8-f41b-5f84-9888-761e823ac83a"},"id":"e4c393e0-5e8e-495c-993c-41d8882e370e","file_name":"kk-logo-hor-color-pos-sz-rgb.svg","title":null,"size":2074,"type":"image/svg+xml","url":"https://assets-eu-01.kc-usercontent.com/ad25961e-f934-01dc-e1fa-f4dd41b84df2/ba43b880-bf94-4836-90f4-1adac71341dd/kk-logo-hor-color-pos-sz-rgb.svg","image_width":null,"image_height":null,"file_reference":{"id":"ba43b880-bf94-4836-90f4-1adac71341dd","type":"internal"},"descriptions":[{"language":{"id":"00000000-0000-0000-0000-000000000000"},"description":null},{"language":{"id":"026de2a5-6239-457e-a161-efc17a612bd5"},"description":null}],"last_modified":"2021-06-07T17:00:52.232806Z"},{"folder":{"id":"2cc04fd8-6c59-5cd2-b784-3c294e0d628e"},"id":"ec550264-def1-4119-be55-89d927cc9bbe","file_name":"pexels-iconcom-226569.jpg","title":null,"size":850842,"type":"image/jpeg","url":"https://assets-eu-01.kc-usercontent.com/ad25961e-f934-01dc-e1fa-f4dd41b84df2/2c51fd61-1e18-465a-bb5a-66d00e003cc2/pexels-iconcom-226569.jpg","image_width":3264,"image_height":2448,"file_reference":{"id":"2c51fd61-1e18-465a-bb5a-66d00e003cc2","type":"internal"},"descriptions":[{"language":{"id":"00000000-0000-0000-0000-000000000000"},"description":null},{"language":{"id":"026de2a5-6239-457e-a161-efc17a612bd5"},"description":null}],"last_modified":"2021-06-07T17:00:52.0452911Z"},{"id":"eeacc276-9b63-497f-acb2-bf3510cac7a4","file_name":"pexels-fauxels-3184339.jpg","title":null,"size":2153152,"type":"image/jpeg","url":"https://assets-eu-01.kc-usercontent.com/ad25961e-f934-01dc-e1fa-f4dd41b84df2/8d675330-6233-4700-92b2-68855b440606/pexels-fauxels-3184339.jpg","image_width":6000,"image_height":4000,"file_reference":{"id":"8d675330-6233-4700-92b2-68855b440606","type":"internal"},"descriptions":[{"language":{"id":"00000000-0000-0000-0000-000000000000"},"description":null},{"language":{"id":"026de2a5-6239-457e-a161-efc17a612bd5"},"description":null}],"last_modified":"2021-06-07T17:01:23.9226689Z"},{"folder":{"id":"8a56c4f7-d690-5754-87d1-425ed33c5b1b"},"id":"eeb2fc91-f2ce-4ff8-b76e-4e2c4afacfd8","file_name":"pexels-startup-stock-photos-7103.jpg","title":null,"size":799452,"type":"image/jpeg","url":"https://assets-eu-01.kc-usercontent.com/ad25961e-f934-01dc-e1fa-f4dd41b84df2/44c801bb-51f2-432e-b13c-575d29843b74/pexels-startup-stock-photos-7103.jpg","image_width":4604,"image_height":2722,"file_reference":{"id":"44c801bb-51f2-432e-b13c-575d29843b74","type":"internal"},"descriptions":[{"language":{"id":"00000000-0000-0000-0000-000000000000"},"description":null},{"language":{"id":"026de2a5-6239-457e-a161-efc17a612bd5"},"description":null}],"last_modified":"2021-06-07T17:01:30.3015447Z"},{"folder":{"id":"8a56c4f7-d690-5754-87d1-425ed33c5b1b"},"id":"fad199e5-1d9e-4b1f-ba26-d518c9fce8e3","file_name":"pexels-pixabay-262488.jpg","title":null,"size":848034,"type":"image/jpeg","url":"https://assets-eu-01.kc-usercontent.com/ad25961e-f934-01dc-e1fa-f4dd41b84df2/93ccbb88-499c-4549-b8eb-2dcc26b54150/pexels-pixabay-262488.jpg","image_width":3648,"image_height":2736,"file_reference":{"id":"93ccbb88-499c-4549-b8eb-2dcc26b54150","type":"internal"},"descriptions":[{"language":{"id":"00000000-0000-0000-0000-000000000000"},"description":null},{"language":{"id":"026de2a5-6239-457e-a161-efc17a612bd5"},"description":null}],"last_modified":"2021-06-07T17:01:15.3059945Z"},{"folder":{"id":"2cc04fd8-6c59-5cd2-b784-3c294e0d628e"},"id":"fe56625a-3b1b-44f8-94bb-de99002bad1f","file_name":"pexels-skitterphoto-1019470.jpg","title":null,"size":1041108,"type":"image/jpeg","url":"https://assets-eu-01.kc-usercontent.com/ad25961e-f934-01dc-e1fa-f4dd41b84df2/fe9e18b3-be79-4ca3-bcb1-ef5b0a4bfb4f/pexels-skitterphoto-1019470.jpg","image_width":4110,"image_height":2789,"file_reference":{"id":"fe9e18b3-be79-4ca3-bcb1-ef5b0a4bfb4f","type":"internal"},"descriptions":[{"language":{"id":"00000000-0000-0000-0000-000000000000"},"description":null},{"language":{"id":"026de2a5-6239-457e-a161-efc17a612bd5"},"description":null}],"last_modified":"2021-06-07T17:01:14.8058862Z"},{"folder":{"id":"db13f2d8-f41b-5f84-9888-761e823ac83a"},"id":"ffa5b1db-a00e-4b0a-95dd-ab6200e484f1","file_name":"kk-logo-hor-color-pos-rgb.svg","title":null,"size":1982,"type":"image/svg+xml","url":"https://assets-eu-01.kc-usercontent.com/ad25961e-f934-01dc-e1fa-f4dd41b84df2/21f3f69d-fe00-45c7-be56-a47f6dc5b7e6/kk-logo-hor-color-pos-rgb.svg","image_width":null,"image_height":null,"file_reference":{"id":"21f3f69d-fe00-45c7-be56-a47f6dc5b7e6","type":"internal"},"descriptions":[{"language":{"id":"00000000-0000-0000-0000-000000000000"},"description":null},{"language":{"id":"026de2a5-6239-457e-a161-efc17a612bd5"},"description":null}],"last_modified":"2021-06-07T17:00:52.6392664Z"}]