[{"folder":{"id":"0c8236fb-025c-5ff1-b471-1da377ecd443"},"id":"0aba1d08-97a0-40b0-92f1-22caeaab2ab8","file_name":"graphic_standing.svg","title":null,"size":22446,"type":"image/svg+xml","url":"https://qa-assets-eu-01.freetls.fastly.net/ce50141b-c42b-01d8-c0b6-349de8c50622/e4df98f4-b710-4ddc-acd5-44847c46cc27/graphic_standing.svg","image_width":null,"image_height":null,"file_reference":{"id":"e4df98f4-b710-4ddc-acd5-44847c46cc27","type":"internal"},"descriptions":[{"language":{"id":"00000000-0000-0000-0000-000000000000"},"description":null},{"language":{"id":"471bd47f-6f15-46e6-8c70-c6ddb1b16fd7"},"description":null}],"last_modified":"2021-05-27T07:57:45.3121876Z"},{"folder":{"id":"b810860f-9aa3-5968-8f9e-de71e8af3003"},"id":"10c262a0-4430-4ff5-9bde-cf26f12c085b","file_name":"pexels-pixabay-461049.jpg","title":null,"size":3551876,"type":"image/jpeg","url":"https://qa-assets-eu-01.freetls.fastly.net/ce50141b-c42b-01d8-c0b6-349de8c50622/a818d074-ffb4-4108-a605-1e57323244ad/pexels-pixabay-461049.jpg","image_width":4643,"image_height":3761,"file_reference":{"id":"a818d074-ffb4-4108-a605-1e57323244ad","type":"internal"},"descriptions":[{"language":{"id":"00000000-0000-0000-0000-000000000000"},"description":null},{"language":{"id":"471bd47f-6f15-46e6-8c70-c6ddb1b16fd7"},"description":null}],"last_modified":"2021-05-27T07:57:07.8855323Z"},{"folder":{"id":"0c8236fb-025c-5ff1-b471-1da377ecd443"},"id":"15bb1d29-0593-4503-ba62-5fe0361685e6","file_name":"pexels-iconcom-226569.jpg","title":null,"size":851558,"type":"image/jpeg","url":"https://qa-assets-eu-01.freetls.fastly.net/ce50141b-c42b-01d8-c0b6-349de8c50622/af59139e-634f-478f-813a-68ef7c4a4999/pexels-iconcom-226569.jpg","image_width":3264,"image_height":2448,"file_reference":{"id":"af59139e-634f-478f-813a-68ef7c4a4999","type":"internal"},"descriptions":[{"language":{"id":"00000000-0000-0000-0000-000000000000"},"description":null},{"language":{"id":"471bd47f-6f15-46e6-8c70-c6ddb1b16fd7"},"description":null}],"last_modified":"2021-05-27T07:57:51.1264527Z"},{"folder":{"id":"7703a8cb-8c7f-5f61-8f8a-7ca3cc4c9917"},"id":"1750fc46-8f78-41e9-86e0-3c025873f6c0","file_name":"kk-logo-hor-color-pos-sz-rgb.svg","title":null,"size":2074,"type":"image/svg+xml","url":"https://qa-assets-eu-01.freetls.fastly.net/ce50141b-c42b-01d8-c0b6-349de8c50622/6b957409-4e9a-4929-9b42-f9ab5c8cf013/kk-logo-hor-color-pos-sz-rgb.svg","image_width":null,"image_height":null,"file_reference":{"id":"6b957409-4e9a-4929-9b42-f9ab5c8cf013","type":"internal"},"descriptions":[{"language":{"id":"00000000-0000-0000-0000-000000000000"},"description":null},{"language":{"id":"471bd47f-6f15-46e6-8c70-c6ddb1b16fd7"},"description":null}],"last_modified":"2021-05-27T07:57:31.0918139Z"},{"folder":{"id":"ecc62f15-6fb3-5af1-b46a-79d2d9a1726a"},"id":"17b6a35c-d3f2-406f-9cdc-b3dc85ca2c6b","file_name":"radek[1].jpg","title":null,"size":139718,"type":"image/jpeg","url":"https://qa-assets-eu-01.freetls.fastly.net/ce50141b-c42b-01d8-c0b6-349de8c50622/253c0d04-f6bd-4577-96e9-57c2f4a1eed2/radek%5B1%5D.jpg","image_width":1000,"image_height":1000,"file_reference":{"id":"253c0d04-f6bd-4577-96e9-57c2f4a1eed2","type":"internal"},"descriptions":[{"language":{"id":"00000000-0000-0000-0000-000000000000"},"description":null},{"language":{"id":"471bd47f-6f15-46e6-8c70-c6ddb1b16fd7"},"description":null}],"last_modified":"2021-05-27T07:57:45.7496906Z"},{"folder":{"id":"7703a8cb-8c7f-5f61-8f8a-7ca3cc4c9917"},"id":"19c3ccb6-3f4a-48c9-8a1f-8d372ebc1ca8","file_name":"kk-logo-hor-color-pos-rgb.svg","title":null,"size":1982,"type":"image/svg+xml","url":"https://qa-assets-eu-01.freetls.fastly.net/ce50141b-c42b-01d8-c0b6-349de8c50622/93aa02f4-02e4-4463-afaa-d1c2fe86c772/kk-logo-hor-color-pos-rgb.svg","image_width":null,"image_height":null,"file_reference":{"id":"93aa02f4-02e4-4463-afaa-d1c2fe86c772","type":"internal"},"descriptions":[{"language":{"id":"00000000-0000-0000-0000-000000000000"},"description":null},{"language":{"id":"471bd47f-6f15-46e6-8c70-c6ddb1b16fd7"},"description":null}],"last_modified":"2021-05-27T07:57:22.2620152Z"},{"folder":{"id":"3d109ec3-f12f-5f8d-807a-ddbc2806f87e"},"id":"1b4c6036-72c5-44fe-9f50-4ad9f745ad25","file_name":"pexels-fauxels-3184339.jpg","title":null,"size":2153694,"type":"image/jpeg","url":"https://qa-assets-eu-01.freetls.fastly.net/ce50141b-c42b-01d8-c0b6-349de8c50622/49e39856-46d4-4c81-a616-e1a1c1b489ef/pexels-fauxels-3184339.jpg","image_width":6000,"image_height":4000,"file_reference":{"id":"49e39856-46d4-4c81-a616-e1a1c1b489ef","type":"internal"},"descriptions":[{"language":{"id":"00000000-0000-0000-0000-000000000000"},"description":null},{"language":{"id":"471bd47f-6f15-46e6-8c70-c6ddb1b16fd7"},"description":null}],"last_modified":"2021-05-27T07:57:47.8326386Z"},{"folder":{"id":"b810860f-9aa3-5968-8f9e-de71e8af3003"},"id":"254182b0-264b-4aa2-b52a-4adb029f0f1a","file_name":"shutterstock_241510420.jpg","title":null,"size":814409,"type":"image/jpeg","url":"https://qa-assets-eu-01.freetls.fastly.net/ce50141b-c42b-01d8-c0b6-349de8c50622/ba7c675d-be40-45e3-af70-d6c8b486f90d/shutterstock_241510420.jpg","image_width":3192,"image_height":2124,"file_reference":{"id":"ba7c675d-be40-45e3-af70-d6c8b486f90d","type":"internal"},"descriptions":[{"language":{"id":"00000000-0000-0000-0000-000000000000"},"description":null},{"language":{"id":"471bd47f-6f15-46e6-8c70-c6ddb1b16fd7"},"description":null}],"last_modified":"2021-05-27T07:57:27.8713173Z"},{"folder":{"id":"ecc62f15-6fb3-5af1-b46a-79d2d9a1726a"},"id":"3101c42f-2fdc-4eca-858a-698418ebb4fe","file_name":"pexels-godisable-jacob-718978.jpg","title":null,"size":2641693,"type":"image/jpeg","url":"https://qa-assets-eu-01.freetls.fastly.net/ce50141b-c42b-01d8-c0b6-349de8c50622/a957e872-a259-4e49-9be1-c92bfb12abb0/pexels-godisable-jacob-718978.jpg","image_width":3648,"image_height":5472,"file_reference":{"id":"a957e872-a259-4e49-9be1-c92bfb12abb0","type":"internal"},"descriptions":[{"language":{"id":"00000000-0000-0000-0000-000000000000"},"description":null},{"language":{"id":"471bd47f-6f15-46e6-8c70-c6ddb1b16fd7"},"description":null}],"last_modified":"2021-05-27T07:57:05.5349068Z"},{"folder":{"id":"7703a8cb-8c7f-5f61-8f8a-7ca3cc4c9917"},"id":"3fcd05f4-19ff-4453-bafe-ff83cbfd74f2","file_name":"kk-logo-hor-color-neg-rgb.svg","title":null,"size":2099,"type":"image/svg+xml","url":"https://qa-assets-eu-01.freetls.fastly.net/ce50141b-c42b-01d8-c0b6-349de8c50622/9bbb26f8-c7f5-4096-b564-06e0cb7710ae/kk-logo-hor-color-neg-rgb.svg","image_width":null,"image_height":null,"file_reference":{"id":"9bbb26f8-c7f5-4096-b564-06e0cb7710ae","type":"internal"},"descriptions":[{"language":{"id":"00000000-0000-0000-0000-000000000000"},"description":null},{"language":{"id":"471bd47f-6f15-46e6-8c70-c6ddb1b16fd7"},"description":null}],"last_modified":"2021-05-27T07:57:13.7796754Z"},{"folder":{"id":"ecc62f15-6fb3-5af1-b46a-79d2d9a1726a"},"id":"41f707d4-8730-42f5-b49b-becca6ad82cb","file_name":"pexels-simon-robben-614810.jpg","title":null,"size":1732384,"type":"image/jpeg","url":"https://qa-assets-eu-01.freetls.fastly.net/ce50141b-c42b-01d8-c0b6-349de8c50622/35ca9862-ca72-49e3-bdc2-d8b1597dff27/pexels-simon-robben-614810.jpg","image_width":4684,"image_height":4000,"file_reference":{"id":"35ca9862-ca72-49e3-bdc2-d8b1597dff27","type":"internal"},"descriptions":[{"language":{"id":"00000000-0000-0000-0000-000000000000"},"description":null},{"language":{"id":"471bd47f-6f15-46e6-8c70-c6ddb1b16fd7"},"description":null}],"last_modified":"2021-05-27T07:57:25.3088657Z"},{"folder":{"id":"0c8236fb-025c-5ff1-b471-1da377ecd443"},"id":"4631c9c2-0232-4c18-818e-5ebfb3895b26","file_name":"pexels-pixabay-356043.jpg","title":null,"size":2138827,"type":"image/jpeg","url":"https://qa-assets-eu-01.freetls.fastly.net/ce50141b-c42b-01d8-c0b6-349de8c50622/b067e325-7c69-4dec-9353-72f00b4dcb5f/pexels-pixabay-356043.jpg","image_width":4364,"image_height":2667,"file_reference":{"id":"b067e325-7c69-4dec-9353-72f00b4dcb5f","type":"internal"},"descriptions":[{"language":{"id":"00000000-0000-0000-0000-000000000000"},"description":null},{"language":{"id":"471bd47f-6f15-46e6-8c70-c6ddb1b16fd7"},"description":null}],"last_modified":"2021-05-27T07:57:55.14377Z"},{"folder":{"id":"b810860f-9aa3-5968-8f9e-de71e8af3003"},"id":"46daff40-4c36-4e80-b701-8116f33fa8af","file_name":"pexels-anna-shvets-3986999.jpg","title":null,"size":3880682,"type":"image/jpeg","url":"https://qa-assets-eu-01.freetls.fastly.net/ce50141b-c42b-01d8-c0b6-349de8c50622/cb3970f5-e5be-496b-ac08-ad6b61afa8b0/pexels-anna-shvets-3986999.jpg","image_width":6000,"image_height":4000,"file_reference":{"id":"cb3970f5-e5be-496b-ac08-ad6b61afa8b0","type":"internal"},"descriptions":[{"language":{"id":"00000000-0000-0000-0000-000000000000"},"description":null},{"language":{"id":"471bd47f-6f15-46e6-8c70-c6ddb1b16fd7"},"description":null}],"last_modified":"2021-05-27T07:57:43.8122392Z"},{"folder":{"id":"b810860f-9aa3-5968-8f9e-de71e8af3003"},"id":"4e9786bb-acd7-446d-9346-b2dc3bc8f2a0","file_name":"pexels-pixabay-159519.jpg","title":null,"size":2104962,"type":"image/jpeg","url":"https://qa-assets-eu-01.freetls.fastly.net/ce50141b-c42b-01d8-c0b6-349de8c50622/700e4c92-784e-45aa-a6e2-73a93ce6ab77/pexels-pixabay-159519.jpg","image_width":6017,"image_height":4003,"file_reference":{"id":"700e4c92-784e-45aa-a6e2-73a93ce6ab77","type":"internal"},"descriptions":[{"language":{"id":"00000000-0000-0000-0000-000000000000"},"description":null},{"language":{"id":"471bd47f-6f15-46e6-8c70-c6ddb1b16fd7"},"description":null}],"last_modified":"2021-05-27T07:57:20.0570765Z"},{"folder":{"id":"0c8236fb-025c-5ff1-b471-1da377ecd443"},"id":"5989d0dd-4530-4a17-809a-8db2b649d901","file_name":"pexels-lukas-590020.jpg","title":null,"size":2072585,"type":"image/jpeg","url":"https://qa-assets-eu-01.freetls.fastly.net/ce50141b-c42b-01d8-c0b6-349de8c50622/2cb5986e-75df-45df-849f-08ca3771c3d6/pexels-lukas-590020.jpg","image_width":6144,"image_height":4069,"file_reference":{"id":"2cb5986e-75df-45df-849f-08ca3771c3d6","type":"internal"},"descriptions":[{"language":{"id":"00000000-0000-0000-0000-000000000000"},"description":"Benefits for everyone"},{"language":{"id":"471bd47f-6f15-46e6-8c70-c6ddb1b16fd7"},"description":null}],"last_modified":"2021-05-27T07:57:17.4008159Z"},{"folder":{"id":"b810860f-9aa3-5968-8f9e-de71e8af3003"},"id":"5afcadf0-78bc-4f7e-bf4f-f949404a007a","file_name":"pexels-anna-shvets-5324973.jpg","title":null,"size":3774055,"type":"image/jpeg","url":"https://qa-assets-eu-01.freetls.fastly.net/ce50141b-c42b-01d8-c0b6-349de8c50622/6d947a91-ebbc-48e0-b925-09028e1c1575/pexels-anna-shvets-5324973.jpg","image_width":5445,"image_height":3630,"file_reference":{"id":"6d947a91-ebbc-48e0-b925-09028e1c1575","type":"internal"},"descriptions":[{"language":{"id":"00000000-0000-0000-0000-000000000000"},"description":null},{"language":{"id":"471bd47f-6f15-46e6-8c70-c6ddb1b16fd7"},"description":null}],"last_modified":"2021-05-27T07:57:11.5140303Z"},{"folder":{"id":"b810860f-9aa3-5968-8f9e-de71e8af3003"},"id":"5c78f9f1-0b67-49c4-8f1a-dfbb8a19694e","file_name":"pexels-the-coach-space-2977565.jpg","title":null,"size":2927838,"type":"image/jpeg","url":"https://qa-assets-eu-01.freetls.fastly.net/ce50141b-c42b-01d8-c0b6-349de8c50622/ede22fbf-fecc-4e03-af4d-73f3cb32b63b/pexels-the-coach-space-2977565.jpg","image_width":5970,"image_height":3980,"file_reference":{"id":"ede22fbf-fecc-4e03-af4d-73f3cb32b63b","type":"internal"},"descriptions":[{"language":{"id":"00000000-0000-0000-0000-000000000000"},"description":null},{"language":{"id":"471bd47f-6f15-46e6-8c70-c6ddb1b16fd7"},"description":null}],"last_modified":"2021-05-27T07:57:53.5500317Z"},{"folder":{"id":"3d109ec3-f12f-5f8d-807a-ddbc2806f87e"},"id":"603d2400-2099-42cb-abac-9189de086abc","file_name":"pexels-anna-tarazevich-5697255.jpg","title":null,"size":405014,"type":"image/jpeg","url":"https://qa-assets-eu-01.freetls.fastly.net/ce50141b-c42b-01d8-c0b6-349de8c50622/7ca4c70a-444d-4c0a-8ac5-55b6cfaccf7b/pexels-anna-tarazevich-5697255.jpg","image_width":3500,"image_height":2333,"file_reference":{"id":"7ca4c70a-444d-4c0a-8ac5-55b6cfaccf7b","type":"internal"},"descriptions":[{"language":{"id":"00000000-0000-0000-0000-000000000000"},"description":null},{"language":{"id":"471bd47f-6f15-46e6-8c70-c6ddb1b16fd7"},"description":null}],"last_modified":"2021-05-27T07:57:23.5588834Z"},{"folder":{"id":"0c8236fb-025c-5ff1-b471-1da377ecd443"},"id":"6bab9975-6478-4dde-9535-225a2cffba4e","file_name":"pexels-skitterphoto-1019470.jpg","title":null,"size":1041268,"type":"image/jpeg","url":"https://qa-assets-eu-01.freetls.fastly.net/ce50141b-c42b-01d8-c0b6-349de8c50622/d405365c-46e3-4c7f-b129-93cc7dd89fee/pexels-skitterphoto-1019470.jpg","image_width":4110,"image_height":2789,"file_reference":{"id":"d405365c-46e3-4c7f-b129-93cc7dd89fee","type":"internal"},"descriptions":[{"language":{"id":"00000000-0000-0000-0000-000000000000"},"description":null},{"language":{"id":"471bd47f-6f15-46e6-8c70-c6ddb1b16fd7"},"description":null}],"last_modified":"2021-05-27T07:57:09.0111657Z"},{"folder":{"id":"b810860f-9aa3-5968-8f9e-de71e8af3003"},"id":"707599c2-afa7-457a-ace9-d641a03be6d4","file_name":"pexels-pixabay-262488.jpg","title":null,"size":848035,"type":"image/jpeg","url":"https://qa-assets-eu-01.freetls.fastly.net/ce50141b-c42b-01d8-c0b6-349de8c50622/08f91fa9-bf50-41ac-aac7-5109904c82c9/pexels-pixabay-262488.jpg","image_width":3648,"image_height":2736,"file_reference":{"id":"08f91fa9-bf50-41ac-aac7-5109904c82c9","type":"internal"},"descriptions":[{"language":{"id":"00000000-0000-0000-0000-000000000000"},"description":null},{"language":{"id":"471bd47f-6f15-46e6-8c70-c6ddb1b16fd7"},"description":null}],"last_modified":"2021-05-27T07:57:21.8245103Z"},{"id":"72634581-c122-4f06-a2df-89ba7171b478","file_name":"pexels-pixabay-159293.jpg","title":null,"size":942210,"type":"image/jpeg","url":"https://qa-assets-eu-01.freetls.fastly.net/ce50141b-c42b-01d8-c0b6-349de8c50622/de6cb896-af44-4f15-b380-ecc95fa8b66f/pexels-pixabay-159293.jpg","image_width":3008,"image_height":2000,"file_reference":{"id":"de6cb896-af44-4f15-b380-ecc95fa8b66f","type":"internal"},"descriptions":[{"language":{"id":"00000000-0000-0000-0000-000000000000"},"description":null},{"language":{"id":"471bd47f-6f15-46e6-8c70-c6ddb1b16fd7"},"description":null}],"last_modified":"2021-05-27T07:57:30.6855545Z"},{"folder":{"id":"b810860f-9aa3-5968-8f9e-de71e8af3003"},"id":"81d4fa44-d4c0-4d1e-b547-d00f79033110","file_name":"pexels-marily-torres-776615.jpg","title":null,"size":2463077,"type":"image/jpeg","url":"https://qa-assets-eu-01.freetls.fastly.net/ce50141b-c42b-01d8-c0b6-349de8c50622/ebb5d4ee-eae7-4cd2-b609-a12605ea0802/pexels-marily-torres-776615.jpg","image_width":5905,"image_height":3937,"file_reference":{"id":"ebb5d4ee-eae7-4cd2-b609-a12605ea0802","type":"internal"},"descriptions":[{"language":{"id":"00000000-0000-0000-0000-000000000000"},"description":null},{"language":{"id":"471bd47f-6f15-46e6-8c70-c6ddb1b16fd7"},"description":null}],"last_modified":"2021-05-27T07:57:37.5564967Z"},{"folder":{"id":"7703a8cb-8c7f-5f61-8f8a-7ca3cc4c9917"},"id":"82bc0d0e-a703-4ef2-9269-ecc5b672b0d5","file_name":"favicon.svg","title":null,"size":3201,"type":"image/svg+xml","url":"https://qa-assets-eu-01.freetls.fastly.net/ce50141b-c42b-01d8-c0b6-349de8c50622/5e9b0d4d-d1ba-4ee0-84a9-cc9a5fa222a9/favicon.svg","image_width":null,"image_height":null,"file_reference":{"id":"5e9b0d4d-d1ba-4ee0-84a9-cc9a5fa222a9","type":"internal"},"descriptions":[{"language":{"id":"00000000-0000-0000-0000-000000000000"},"description":null},{"language":{"id":"471bd47f-6f15-46e6-8c70-c6ddb1b16fd7"},"description":null}],"last_modified":"2021-05-27T07:57:14.170281Z"},{"folder":{"id":"0c8236fb-025c-5ff1-b471-1da377ecd443"},"id":"899eca72-6d85-4305-b47e-1fe3ff4e896f","file_name":"laptop.svg","title":null,"size":2704,"type":"image/svg+xml","url":"https://qa-assets-eu-01.freetls.fastly.net/ce50141b-c42b-01d8-c0b6-349de8c50622/c74a8d84-fe59-4073-8a51-b029aa4f71cd/laptop.svg","image_width":null,"image_height":null,"file_reference":{"id":"c74a8d84-fe59-4073-8a51-b029aa4f71cd","type":"internal"},"descriptions":[{"language":{"id":"00000000-0000-0000-0000-000000000000"},"description":null},{"language":{"id":"471bd47f-6f15-46e6-8c70-c6ddb1b16fd7"},"description":null}],"last_modified":"2021-05-27T07:57:01.1841809Z"},{"folder":{"id":"b810860f-9aa3-5968-8f9e-de71e8af3003"},"id":"95a7afb4-cc2b-496d-bf3e-7536d9edf1cd","file_name":"pexels-fauxels-3182747.jpg","title":null,"size":1862570,"type":"image/jpeg","url":"https://qa-assets-eu-01.freetls.fastly.net/ce50141b-c42b-01d8-c0b6-349de8c50622/4268eea8-3754-4b10-bdc2-02368f1aa211/pexels-fauxels-3182747.jpg","image_width":6000,"image_height":4000,"file_reference":{"id":"4268eea8-3754-4b10-bdc2-02368f1aa211","type":"internal"},"descriptions":[{"language":{"id":"00000000-0000-0000-0000-000000000000"},"description":null},{"language":{"id":"471bd47f-6f15-46e6-8c70-c6ddb1b16fd7"},"description":null}],"last_modified":"2021-05-27T07:57:15.707175Z"},{"folder":{"id":"b810860f-9aa3-5968-8f9e-de71e8af3003"},"id":"a161e44c-1fbc-4c2a-8460-93555a23cb27","file_name":"shutterstock_48384775.jpg","title":null,"size":2160304,"type":"image/jpeg","url":"https://qa-assets-eu-01.freetls.fastly.net/ce50141b-c42b-01d8-c0b6-349de8c50622/bf763094-d271-4e8d-b29d-45c6653dd374/shutterstock_48384775.jpg","image_width":3872,"image_height":2592,"file_reference":{"id":"bf763094-d271-4e8d-b29d-45c6653dd374","type":"internal"},"descriptions":[{"language":{"id":"00000000-0000-0000-0000-000000000000"},"description":null},{"language":{"id":"471bd47f-6f15-46e6-8c70-c6ddb1b16fd7"},"description":null}],"last_modified":"2021-05-27T07:57:13.4250278Z"},{"id":"a327b87f-3dc9-47eb-8855-60c98b29d7c8","file_name":"pexels-fauxels-3184339.jpg","title":null,"size":2153694,"type":"image/jpeg","url":"https://qa-assets-eu-01.freetls.fastly.net/ce50141b-c42b-01d8-c0b6-349de8c50622/3e72ddf2-f66f-4fc3-adb8-a1ce1962c7ff/pexels-fauxels-3184339.jpg","image_width":6000,"image_height":4000,"file_reference":{"id":"3e72ddf2-f66f-4fc3-adb8-a1ce1962c7ff","type":"internal"},"descriptions":[{"language":{"id":"00000000-0000-0000-0000-000000000000"},"description":null},{"language":{"id":"471bd47f-6f15-46e6-8c70-c6ddb1b16fd7"},"description":null}],"last_modified":"2021-05-27T07:57:03.7067194Z"},{"folder":{"id":"ecc62f15-6fb3-5af1-b46a-79d2d9a1726a"},"id":"a629b853-404d-4618-961e-14a075298fab","file_name":"pexels-andrea-piacquadio-774909.jpg","title":null,"size":1857764,"type":"image/jpeg","url":"https://qa-assets-eu-01.freetls.fastly.net/ce50141b-c42b-01d8-c0b6-349de8c50622/cf9d8f7f-9f9d-4d32-9c6b-6d34a8215082/pexels-andrea-piacquadio-774909.jpg","image_width":3840,"image_height":5760,"file_reference":{"id":"cf9d8f7f-9f9d-4d32-9c6b-6d34a8215082","type":"internal"},"descriptions":[{"language":{"id":"00000000-0000-0000-0000-000000000000"},"description":null},{"language":{"id":"471bd47f-6f15-46e6-8c70-c6ddb1b16fd7"},"description":null}],"last_modified":"2021-05-27T07:57:40.9049724Z"},{"folder":{"id":"b810860f-9aa3-5968-8f9e-de71e8af3003"},"id":"a6acd288-9d86-4a03-aada-17ccc076e9db","file_name":"pexels-energepiccom-159888.jpg","title":null,"size":963553,"type":"image/jpeg","url":"https://qa-assets-eu-01.freetls.fastly.net/ce50141b-c42b-01d8-c0b6-349de8c50622/629afbde-9331-49cb-b362-334b57d9ac61/pexels-energepiccom-159888.jpg","image_width":4608,"image_height":3456,"file_reference":{"id":"629afbde-9331-49cb-b362-334b57d9ac61","type":"internal"},"descriptions":[{"language":{"id":"00000000-0000-0000-0000-000000000000"},"description":null},{"language":{"id":"471bd47f-6f15-46e6-8c70-c6ddb1b16fd7"},"description":null}],"last_modified":"2021-05-27T07:57:44.8590708Z"},{"folder":{"id":"b810860f-9aa3-5968-8f9e-de71e8af3003"},"id":"a77514fe-4708-4f59-9bf4-29c6243a9b82","file_name":"pexels-gratisography-2882.jpg","title":null,"size":2103337,"type":"image/jpeg","url":"https://qa-assets-eu-01.freetls.fastly.net/ce50141b-c42b-01d8-c0b6-349de8c50622/e63742d0-bf7a-4038-8936-db2defd1c260/pexels-gratisography-2882.jpg","image_width":5472,"image_height":3648,"file_reference":{"id":"e63742d0-bf7a-4038-8936-db2defd1c260","type":"internal"},"descriptions":[{"language":{"id":"00000000-0000-0000-0000-000000000000"},"description":null},{"language":{"id":"471bd47f-6f15-46e6-8c70-c6ddb1b16fd7"},"description":null}],"last_modified":"2021-05-27T07:57:39.4652368Z"},{"folder":{"id":"0c8236fb-025c-5ff1-b471-1da377ecd443"},"id":"ae8b4517-a579-43c2-a994-a5b383f09d9c","file_name":"pexels-pixabay-161872.jpg","title":null,"size":1896233,"type":"image/jpeg","url":"https://qa-assets-eu-01.freetls.fastly.net/ce50141b-c42b-01d8-c0b6-349de8c50622/5e3078ff-43bc-4c5a-b479-6f679ae7c6f8/pexels-pixabay-161872.jpg","image_width":4608,"image_height":3072,"file_reference":{"id":"5e3078ff-43bc-4c5a-b479-6f679ae7c6f8","type":"internal"},"descriptions":[{"language":{"id":"00000000-0000-0000-0000-000000000000"},"description":null},{"language":{"id":"471bd47f-6f15-46e6-8c70-c6ddb1b16fd7"},"description":null}],"last_modified":"2021-05-27T07:57:35.3467467Z"},{"folder":{"id":"b810860f-9aa3-5968-8f9e-de71e8af3003"},"id":"af7a5413-88ca-4965-8c1f-3ee6e2cb8396","file_name":"pexels-startup-stock-photos-7103.jpg","title":null,"size":799994,"type":"image/jpeg","url":"https://qa-assets-eu-01.freetls.fastly.net/ce50141b-c42b-01d8-c0b6-349de8c50622/8a180ba5-968e-4f06-b324-2f439c15a913/pexels-startup-stock-photos-7103.jpg","image_width":4604,"image_height":2722,"file_reference":{"id":"8a180ba5-968e-4f06-b324-2f439c15a913","type":"internal"},"descriptions":[{"language":{"id":"00000000-0000-0000-0000-000000000000"},"description":null},{"language":{"id":"471bd47f-6f15-46e6-8c70-c6ddb1b16fd7"},"description":null}],"last_modified":"2021-05-27T07:56:59.2290574Z"},{"folder":{"id":"7703a8cb-8c7f-5f61-8f8a-7ca3cc4c9917"},"id":"b121e883-f9ec-4bc3-a679-313ccf6503d1","file_name":"kk-logo-short-color-pos-rgb-500px.svg","title":null,"size":657,"type":"image/svg+xml","url":"https://qa-assets-eu-01.freetls.fastly.net/ce50141b-c42b-01d8-c0b6-349de8c50622/a0cdb77c-d355-4c9d-b8a8-a4a743d03c7c/kk-logo-short-color-pos-rgb-500px.svg","image_width":null,"image_height":null,"file_reference":{"id":"a0cdb77c-d355-4c9d-b8a8-a4a743d03c7c","type":"internal"},"descriptions":[{"language":{"id":"00000000-0000-0000-0000-000000000000"},"description":null},{"language":{"id":"471bd47f-6f15-46e6-8c70-c6ddb1b16fd7"},"description":null}],"last_modified":"2021-05-27T07:57:33.8460546Z"},{"folder":{"id":"ecc62f15-6fb3-5af1-b46a-79d2d9a1726a"},"id":"b6cb0eb6-f3c1-4ac1-bb3e-b18464477095","file_name":"pexels-creation-hill-1681010.jpg","title":null,"size":3294633,"type":"image/jpeg","url":"https://qa-assets-eu-01.freetls.fastly.net/ce50141b-c42b-01d8-c0b6-349de8c50622/6dd47ece-f9ae-4716-9816-4aa064d68dbc/pexels-creation-hill-1681010.jpg","image_width":3456,"image_height":5184,"file_reference":{"id":"6dd47ece-f9ae-4716-9816-4aa064d68dbc","type":"internal"},"descriptions":[{"language":{"id":"00000000-0000-0000-0000-000000000000"},"description":null},{"language":{"id":"471bd47f-6f15-46e6-8c70-c6ddb1b16fd7"},"description":null}],"last_modified":"2021-05-27T07:57:33.4085196Z"},{"folder":{"id":"3d109ec3-f12f-5f8d-807a-ddbc2806f87e"},"id":"b7e65a95-ee17-4118-93ff-d50b8cf1e227","file_name":"kk-card-image-img - deep dive edited.png","title":null,"size":28113,"type":"image/png","url":"https://qa-assets-eu-01.freetls.fastly.net/ce50141b-c42b-01d8-c0b6-349de8c50622/ab653629-c6f3-461f-9227-fc08a4908cb9/kk-card-image-img%20-%20deep%20dive%20edited.png","image_width":517,"image_height":323,"file_reference":{"id":"ab653629-c6f3-461f-9227-fc08a4908cb9","type":"internal"},"descriptions":[{"language":{"id":"00000000-0000-0000-0000-000000000000"},"description":null},{"language":{"id":"471bd47f-6f15-46e6-8c70-c6ddb1b16fd7"},"description":null}],"last_modified":"2021-05-27T07:57:20.6526441Z"},{"folder":{"id":"ecc62f15-6fb3-5af1-b46a-79d2d9a1726a"},"id":"c5773c7d-5ad7-46d4-8679-3fc4e13a63ec","file_name":"pexels-pixabay-415829.jpg","title":null,"size":2156210,"type":"image/jpeg","url":"https://qa-assets-eu-01.freetls.fastly.net/ce50141b-c42b-01d8-c0b6-349de8c50622/4f88fea9-1247-48a2-8308-5945ff24d9fa/pexels-pixabay-415829.jpg","image_width":5760,"image_height":5075,"file_reference":{"id":"4f88fea9-1247-48a2-8308-5945ff24d9fa","type":"internal"},"descriptions":[{"language":{"id":"00000000-0000-0000-0000-000000000000"},"description":null},{"language":{"id":"471bd47f-6f15-46e6-8c70-c6ddb1b16fd7"},"description":null}],"last_modified":"2021-05-27T07:57:29.7636743Z"},{"folder":{"id":"7703a8cb-8c7f-5f61-8f8a-7ca3cc4c9917"},"id":"d6d47c93-8392-42cb-961a-c5a6ed2269c5","file_name":"logo.svg","title":null,"size":3833,"type":"image/svg+xml","url":"https://qa-assets-eu-01.freetls.fastly.net/ce50141b-c42b-01d8-c0b6-349de8c50622/f0b33674-b7b2-4803-b797-3662bb63ea4a/logo.svg","image_width":null,"image_height":null,"file_reference":{"id":"f0b33674-b7b2-4803-b797-3662bb63ea4a","type":"internal"},"descriptions":[{"language":{"id":"00000000-0000-0000-0000-000000000000"},"description":null},{"language":{"id":"471bd47f-6f15-46e6-8c70-c6ddb1b16fd7"},"description":null}],"last_modified":"2021-05-27T07:57:41.3423978Z"},{"folder":{"id":"3d109ec3-f12f-5f8d-807a-ddbc2806f87e"},"id":"df917aae-adab-44a6-b8d9-e1f4a6ae211d","file_name":"5f65c4c9-6006-471c-a8b9-a2071915254c_how-is-caas-diff---illustration@4x-edited.png","title":null,"size":98467,"type":"image/png","url":"https://qa-assets-eu-01.freetls.fastly.net/ce50141b-c42b-01d8-c0b6-349de8c50622/c18592c2-0f53-44f3-87f5-75e007ea9d2e/5f65c4c9-6006-471c-a8b9-a2071915254c_how-is-caas-diff---illustration%404x-edited.png","image_width":1601,"image_height":1041,"file_reference":{"id":"c18592c2-0f53-44f3-87f5-75e007ea9d2e","type":"internal"},"descriptions":[{"language":{"id":"00000000-0000-0000-0000-000000000000"},"description":null},{"language":{"id":"471bd47f-6f15-46e6-8c70-c6ddb1b16fd7"},"description":null}],"last_modified":"2021-05-27T07:57:22.7037476Z"},{"folder":{"id":"7703a8cb-8c7f-5f61-8f8a-7ca3cc4c9917"},"id":"e0e84add-0cc6-467f-995a-67a32e10bac5","file_name":"kk-logo-hor-color-neg-sz-rgb.png","title":null,"size":6811,"type":"image/png","url":"https://qa-assets-eu-01.freetls.fastly.net/ce50141b-c42b-01d8-c0b6-349de8c50622/3011e9bc-829a-4f42-9a3e-9f11e9bc6899/kk-logo-hor-color-neg-sz-rgb.png","image_width":1200,"image_height":520,"file_reference":{"id":"3011e9bc-829a-4f42-9a3e-9f11e9bc6899","type":"internal"},"descriptions":[{"language":{"id":"00000000-0000-0000-0000-000000000000"},"description":null},{"language":{"id":"471bd47f-6f15-46e6-8c70-c6ddb1b16fd7"},"description":null}],"last_modified":"2021-05-27T07:57:01.916509Z"},{"folder":{"id":"0c8236fb-025c-5ff1-b471-1da377ecd443"},"id":"ed7c8ace-5c44-476b-8efd-1b867ab6e5c8","file_name":"pexels-gratisography-2882.jpg","title":null,"size":2103337,"type":"image/jpeg","url":"https://qa-assets-eu-01.freetls.fastly.net/ce50141b-c42b-01d8-c0b6-349de8c50622/bd559ab7-305a-4841-9867-63d4cbea200b/pexels-gratisography-2882.jpg","image_width":5472,"image_height":3648,"file_reference":{"id":"bd559ab7-305a-4841-9867-63d4cbea200b","type":"internal"},"descriptions":[{"language":{"id":"00000000-0000-0000-0000-000000000000"},"description":null},{"language":{"id":"471bd47f-6f15-46e6-8c70-c6ddb1b16fd7"},"description":null}],"last_modified":"2021-05-27T07:57:00.7759229Z"},{"folder":{"id":"b810860f-9aa3-5968-8f9e-de71e8af3003"},"id":"efbae1d0-77e4-4527-8ada-f0d30ccd9164","file_name":"pexels-porapak-apichodilok-346885.jpg","title":null,"size":3016401,"type":"image/jpeg","url":"https://qa-assets-eu-01.freetls.fastly.net/ce50141b-c42b-01d8-c0b6-349de8c50622/4370dadd-47b3-418c-9888-5be25f8bdf3c/pexels-porapak-apichodilok-346885.jpg","image_width":5184,"image_height":3456,"file_reference":{"id":"4370dadd-47b3-418c-9888-5be25f8bdf3c","type":"internal"},"descriptions":[{"language":{"id":"00000000-0000-0000-0000-000000000000"},"description":null},{"language":{"id":"471bd47f-6f15-46e6-8c70-c6ddb1b16fd7"},"description":null}],"last_modified":"2021-05-27T07:57:49.9702101Z"},{"folder":{"id":"b810860f-9aa3-5968-8f9e-de71e8af3003"},"id":"f51c1a5e-8e24-481c-9107-ccda9ceac25d","file_name":"shutterstock_70000546.jpg","title":null,"size":45100,"type":"image/jpeg","url":"https://qa-assets-eu-01.freetls.fastly.net/ce50141b-c42b-01d8-c0b6-349de8c50622/2dc11ce4-ff93-4c9e-b471-84947de8fe77/shutterstock_70000546.jpg","image_width":1000,"image_height":772,"file_reference":{"id":"2dc11ce4-ff93-4c9e-b471-84947de8fe77","type":"internal"},"descriptions":[{"language":{"id":"00000000-0000-0000-0000-000000000000"},"description":null},{"language":{"id":"471bd47f-6f15-46e6-8c70-c6ddb1b16fd7"},"description":null}],"last_modified":"2021-05-27T07:57:35.7842504Z"}]