[{"id":"db13f2d8-f41b-5f84-9888-761e823ac83a","external_id":"7703a8cb-8c7f-5f61-8f8a-7ca3cc4c9917","name":"Layout","folders":[]},{"id":"53cadfb9-697b-564e-8f92-bf39b9b7fdc9","external_id":"ecc62f15-6fb3-5af1-b46a-79d2d9a1726a","name":"Profile Photos","folders":[]},{"id":"8a56c4f7-d690-5754-87d1-425ed33c5b1b","external_id":"b810860f-9aa3-5968-8f9e-de71e8af3003","name":"Posts","folders":[]},{"id":"f2a7e76d-7236-52f5-865b-70a103f3f660","external_id":"3d109ec3-f12f-5f8d-807a-ddbc2806f87e","name":"Main","folders":[]},{"id":"2cc04fd8-6c59-5cd2-b784-3c294e0d628e","external_id":"0c8236fb-025c-5ff1-b471-1da377ecd443","name":"Features","folders":[]}]