[{"id":"36ec8893-4e42-57c4-8c82-9683e2fb9594","codename":"code_block","last_modified":"2021-06-07T17:00:45.3118517Z","external_id":"7d900e55-6f24-5afc-88c5-2627e861bc56","name":"Code block","content_groups":[],"elements":[{"maximum_text_length":null,"maximum_image_size":null,"allowed_content_types":[],"image_width_limit":null,"image_height_limit":null,"allowed_image_types":"any","allowed_blocks":["text"],"allowed_formatting":["code","unstyled"],"allowed_text_blocks":["paragraph"],"allowed_table_blocks":[],"allowed_table_formatting":[],"allowed_table_text_blocks":[],"name":"Code","guidelines":null,"is_required":false,"type":"rich_text","external_id":"a5909cb1-97d7-5011-ac87-f371f52fabd7","id":"634d90d0-4212-5122-8e6b-4d3618a4462e","codename":"code"}]},{"id":"490b17f7-52e1-5d15-842a-c637d59f7dcc","codename":"contact_section","last_modified":"2021-06-07T17:00:43.2334006Z","external_id":"23606967-ecf8-50df-8311-80585d1771b5","name":"Contact Section","content_groups":[],"elements":[{"maximum_text_length":null,"validation_regex":null,"name":"Title","guidelines":null,"is_required":false,"type":"text","external_id":"122ebf81-1e8b-5ba2-bc85-7ed0c8b2e986","id":"e02cdbf1-8684-539e-b15b-fbc664c8211b","codename":"title"},{"maximum_text_length":null,"maximum_image_size":null,"allowed_content_types":[],"image_width_limit":null,"image_height_limit":null,"allowed_image_types":"any","allowed_blocks":["text","tables","images"],"allowed_formatting":[],"allowed_text_blocks":[],"allowed_table_blocks":[],"allowed_table_formatting":[],"allowed_table_text_blocks":[],"name":"Subtitle","guidelines":null,"is_required":false,"type":"rich_text","external_id":"efdeab1b-d355-59f5-a2ec-b0b189996906","id":"e9a2f793-616d-5b0a-ae46-73a0458d4154","codename":"subtitle"},{"maximum_text_length":null,"maximum_image_size":null,"allowed_content_types":[],"image_width_limit":null,"image_height_limit":null,"allowed_image_types":"any","allowed_blocks":[],"allowed_formatting":[],"allowed_text_blocks":[],"allowed_table_blocks":[],"allowed_table_formatting":[],"allowed_table_text_blocks":[],"name":"Content","guidelines":null,"is_required":false,"type":"rich_text","external_id":"b29cd147-f53e-57e3-908e-e5cf85b15931","id":"04d539f9-66d3-546f-8f30-f8600bd11d15","codename":"content"},{"item_count_limit":{"value":1,"condition":"exactly"},"allowed_content_types":[{"id":"291cc19a-2ea3-566c-a900-04492d0050ca"}],"name":"Form","guidelines":null,"is_required":true,"type":"modular_content","external_id":"81a99b13-8a9d-553d-95b9-c617e8c3e8be","id":"9a09554d-2f78-5073-a5ee-ac9aeb7e8288","codename":"form"}]},{"id":"9f930629-a21c-57f5-ba51-2b9d6c6010d5","codename":"menu","last_modified":"2021-06-07T17:00:43.3584221Z","external_id":"5aa3351a-93cd-564a-832f-bdce7358d58f","name":"Menu","content_groups":[],"elements":[{"maximum_text_length":null,"validation_regex":null,"name":"Label","guidelines":null,"is_required":false,"type":"text","external_id":"21b7af7a-49ab-591f-9cc9-8c7cf4bd14ab","id":"a24a90df-3f9c-5fdc-8c47-6ea4979b78b7","codename":"label"},{"item_count_limit":{"value":1,"condition":"at_least"},"allowed_content_types":[{"id":"9ced1ca6-c72d-520e-9bdd-756fb1d526ca"}],"name":"Actions","guidelines":null,"is_required":false,"type":"modular_content","external_id":"cfef3545-d818-5d1c-8c6e-56ef82c6f3dd","id":"731e59e5-4197-594d-84d5-8c4465e41f2a","codename":"actions"}]},{"id":"938df96c-56f1-5064-821c-3b5f29b69df4","codename":"listing_page","last_modified":"2021-06-07T17:00:43.0927938Z","external_id":"14f16e57-1d1c-594a-8d20-e4dbf55bca6e","name":"Listing page","content_groups":[{"id":"34068c61-94cd-5b03-a03b-bd4e8152be63","name":"Content","codename":"content","external_id":"685063d4-3f81-5a98-9122-562747074db7"}],"elements":[{"maximum_text_length":null,"validation_regex":null,"name":"Title","guidelines":null,"is_required":false,"type":"text","external_id":"d1e387d0-596a-5edd-a7bd-e176a2529d85","id":"03d68c8d-375b-5eed-a817-885a393190f0","codename":"title","content_group":{"id":"34068c61-94cd-5b03-a03b-bd4e8152be63"}},{"maximum_text_length":null,"validation_regex":null,"name":"Content type","guidelines":null,"is_required":false,"type":"text","external_id":"e35ce0b8-99af-5e50-98b9-b82904bc8684","id":"d29b8d8f-c09b-5a28-a84b-c905be115bda","codename":"content_type","content_group":{"id":"34068c61-94cd-5b03-a03b-bd4e8152be63"}}]},{"id":"885848fb-5e4c-531f-898b-345d58616e58","codename":"features_section","last_modified":"2021-06-07T17:00:45.2493463Z","external_id":"ed9144e3-1f33-589b-b6f0-278cf8b3f01c","name":"Features Section","content_groups":[],"elements":[{"maximum_text_length":null,"validation_regex":null,"name":"Title","guidelines":null,"is_required":false,"type":"text","external_id":"f421232d-2ee0-5983-affb-c209b01bd715","id":"2a70624c-3d2d-5a20-823d-458c6619762f","codename":"title"},{"maximum_text_length":null,"maximum_image_size":null,"allowed_content_types":[],"image_width_limit":null,"image_height_limit":null,"allowed_image_types":"any","allowed_blocks":["text","tables"],"allowed_formatting":[],"allowed_text_blocks":[],"allowed_table_blocks":["text"],"allowed_table_formatting":[],"allowed_table_text_blocks":[],"name":"Subtitle","guidelines":null,"is_required":false,"type":"rich_text","external_id":"78452f10-47da-56cc-8536-dd5c3e336480","id":"4afb0b47-6cd9-548c-a26f-01de5dedd07a","codename":"subtitle"},{"item_count_limit":null,"allowed_content_types":[{"id":"782b4425-df8b-5330-9912-6b77bc4eaa52"}],"name":"Features","guidelines":null,"is_required":false,"type":"modular_content","external_id":"5e0fc53d-3759-5db8-93c6-a6860e990c1f","id":"b7d34cec-9284-51e4-914d-fca73327913b","codename":"features"}]},{"id":"9ced1ca6-c72d-520e-9bdd-756fb1d526ca","codename":"action","last_modified":"2021-11-16T13:10:28.7820326Z","external_id":"779c1a4b-4aef-5ca4-b22e-f48565d2857e","name":"Action","content_groups":[],"elements":[{"maximum_text_length":null,"validation_regex":null,"name":"Label","guidelines":null,"is_required":true,"type":"text","external_id":"4dd4eb53-851b-5929-8e44-7f8bc8390d48","id":"94ae06d7-60b2-51a4-91cf-2ac0cd96dbcb","codename":"label"},{"item_count_limit":{"value":1,"condition":"exactly"},"allowed_content_types":[{"id":"4a580051-97d3-5a1e-9d85-35cc524743e5"},{"id":"acc65c82-ff72-5305-88b9-8fc2cbfc3dce"}],"name":"Navigation Item","guidelines":null,"is_required":true,"type":"modular_content","external_id":"e834096b-c516-5cef-a7da-dfdbc6c333f6","id":"f9c379f7-c3bd-5334-a123-4c0cc13e8eae","codename":"navigation_item"},{"item_count_limit":{"value":1,"condition":"at_most"},"allowed_content_types":[{"id":"9febb1a8-a60c-5875-9d4c-01b2396fc285"}],"name":"Icon","guidelines":null,"is_required":false,"type":"modular_content","external_id":"4fb5e81c-04d1-5798-9abf-d80557dd53c2","id":"b82a9868-bbf0-5466-9a06-d7c86e881ba2","codename":"icon"},{"mode":"single","options":[{"id":"4399bce0-a112-5a76-a946-e39961ab9b51","codename":"primary","name":"Primary","external_id":"08a7f8f3-2e7f-5320-909a-fb8c81c2446e"},{"id":"708696af-574b-5f08-a3d9-55e4c74932d3","codename":"secondary","name":"Secondary","external_id":"e48bdc15-44e1-51ae-851a-eb2cf44f2f8e"}],"name":"Role","guidelines":"Default action is link","is_required":false,"type":"multiple_choice","external_id":"a7977e97-07d2-5c9e-a3ca-0b832d2c0c82","id":"f34a825a-07df-5501-b0bc-c889fe97a7a2","codename":"role"},{"mode":"multiple","options":[{"id":"06024141-5057-5f70-8bea-036a27cf72db","codename":"new_window","name":"New Window","external_id":"bb58a31a-d9aa-5003-a289-430ea5919be1"},{"id":"ae981650-972f-58ab-b62a-966fe1cc0f49","codename":"no_follow","name":"No Follow","external_id":"c37c79fc-1c67-5184-8d7a-ca9629c7be47"},{"id":"9449d6d1-1a70-5b1a-9b6d-776d3b111aef","codename":"outlined","name":"Outlined","external_id":"663058bd-d9ae-563a-8e42-38c90c6f93a0"}],"name":"Options","guidelines":null,"is_required":false,"type":"multiple_choice","external_id":"0cb105b0-3a5c-5c87-b4a6-16e576c18014","id":"f0047fca-719a-55be-bace-12a7a151e6de","codename":"options"}]},{"id":"542f7fcf-97bb-5777-aafe-f671717b984d","codename":"base_form_field","last_modified":"2021-06-07T17:00:48.2871299Z","external_id":"5039f26f-d0bb-5753-ac4b-3b141d64e745","name":"Base Form Field","content_groups":[],"elements":[{"maximum_text_length":null,"validation_regex":null,"name":"Label","guidelines":null,"is_required":false,"type":"text","external_id":"9705efa7-b87d-56fb-b53e-cc6a1f98bd00","id":"844a2ad4-4852-53a1-911a-f043197c08dd","codename":"label"},{"maximum_text_length":null,"validation_regex":null,"name":"Name","guidelines":null,"is_required":true,"type":"text","external_id":"6def700d-0e9a-5c88-a5c3-efc41b0fc134","id":"e55dbbbb-769b-5864-9277-fc568068e08a","codename":"name"},{"mode":"single","options":[{"id":"7da5994f-eaca-53ba-a6e4-8fc97ffdd66e","codename":"text","name":"text","external_id":"0cd528e1-6ebc-5b18-b70a-af109ce14065"},{"id":"77439d75-499f-5185-a165-5886def71c48","codename":"email","name":"email","external_id":"3f3d39be-3972-54a3-a428-308adffced5e"},{"id":"d1d8f879-e814-5a1f-b76a-555272a28af8","codename":"checkbox","name":"checkbox","external_id":"c47cd50b-19b8-5c46-89a2-3ebecb9fbea7"},{"id":"b141415d-ae6f-5d85-821a-827ec67299a2","codename":"tel","name":"tel","external_id":"edd404e9-05fb-5d7d-ac9b-926cdf8b5e94"},{"id":"33f4376c-ce94-5943-b932-147bd202db20","codename":"textarea","name":"textarea","external_id":"3e8f87f8-7c83-5310-8d85-82706b1c6893"}],"name":"Type","guidelines":"Input types: https://www.w3schools.com/html/html_form_input_types.asp","is_required":true,"type":"multiple_choice","external_id":"ab8561bc-03bd-5600-b438-dd48f4e6bbe3","id":"53be4109-457a-5b99-bb8b-a68e18e849ca","codename":"type"},{"maximum_text_length":null,"validation_regex":null,"name":"Default Value","guidelines":null,"is_required":false,"type":"text","external_id":"18d2750b-38c2-584c-85cd-119a156c2bdc","id":"372f4549-b587-5c12-878d-33b5540ff872","codename":"default_value"},{"mode":"multiple","options":[{"id":"5684b583-ab68-516f-bffa-28297480dfe0","codename":"required","name":"Required","external_id":"07c2d654-8959-596a-815d-c752c1250060"}],"name":"Configuration","guidelines":null,"is_required":false,"type":"multiple_choice","external_id":"5e073c18-8ed7-592d-a07c-21b29a343c6b","id":"e58034cc-3fbf-541c-af8d-721d5edba086","codename":"configuration"}]},{"id":"f497339c-f0cc-5f0a-a75f-188d45385723","codename":"quote","last_modified":"2021-06-07T17:00:44.9209907Z","external_id":"970d424f-dc91-5735-b71b-83534a81e0cf","name":"Quote","content_groups":[],"elements":[{"maximum_text_length":null,"validation_regex":null,"name":"Quote text","guidelines":null,"is_required":false,"type":"text","external_id":"4f9ce2ce-dbd0-5413-9103-14875dccf0e5","id":"317ce775-43e0-593e-8be4-e63d8dac0b87","codename":"quote_text"}]},{"id":"9febb1a8-a60c-5875-9d4c-01b2396fc285","codename":"icon","last_modified":"2021-06-07T17:00:48.1777803Z","external_id":"02f166c1-00eb-54c0-b7da-7ee50283d007","name":"Icon","content_groups":[],"elements":[{"mode":"single","options":[{"id":"335f5f82-ce99-57e0-bb8f-bfe54209b16d","codename":"arrow_left","name":"arrow-left","external_id":"a34cb2c3-fe84-5711-85ee-29ffaeaceb09"},{"id":"cdc3db7a-ecf4-5fd9-bec2-2dcca351b7a5","codename":"arrow_right","name":"arrow-right","external_id":"a0c1c734-dca4-5941-8adc-1c9057ee7637"},{"id":"893b2ea1-8096-54a1-9137-b4a01fb91176","codename":"envelope","name":"envelope","external_id":"0f27f6c3-710e-55ca-b4cc-e253e91bf80a"},{"id":"8cff6821-c511-55e3-bf8c-913d2cda31cb","codename":"facebook","name":"facebook","external_id":"393a5bf1-1040-5a94-9be7-a889a75cf2ac"},{"id":"5ca3d911-65cd-5200-bea2-f6585957a434","codename":"github","name":"github","external_id":"1cece5f1-498f-5242-a6ab-db4023af2bfd"},{"id":"30f73f6a-a850-518f-b273-41e4f91977f1","codename":"instagram","name":"instagram","external_id":"7b3cb7ee-217e-55fd-b63a-cf696681ec6d"},{"id":"bdd98bc3-0f6a-5243-a840-21806e4d162e","codename":"linkedin","name":"linkedin","external_id":"fe456e6b-687e-51c8-ad90-1390ecb25e96"},{"id":"89db1221-8843-52fe-87b9-4c62e172de38","codename":"twitter","name":"twitter","external_id":"82e27077-396e-5a24-9f91-e33a4fed34b1"},{"id":"4984e9a2-abef-5abd-9a8d-25f5ecf23446","codename":"youtube","name":"youtube","external_id":"fb2844ec-0dac-55fd-81f3-9b7bd8a94324"}],"name":"Icon","guidelines":null,"is_required":false,"type":"multiple_choice","external_id":"8b400a71-d80b-530f-8822-6afc21cb4fde","id":"cdd245e3-a582-54a5-865e-0f7c555062b8","codename":"icon"},{"mode":"single","options":[{"id":"b21678d0-496f-52af-a426-aa035314a943","codename":"left","name":"Left","external_id":"84a7454e-0413-5161-82c5-3c811bc1586c"},{"id":"f36cc9b1-237c-5921-a86d-f3a3946cfb6a","codename":"right","name":"Right","external_id":"923e25b8-471e-568e-9fe1-fe61146bc5e5"}],"name":"Icon Position","guidelines":null,"is_required":true,"type":"multiple_choice","external_id":"150cbd83-03e3-5891-a54c-4d207f512937","id":"36ab0f9b-1527-5f26-88e0-deee85d0e46d","codename":"icon_position"}]},{"id":"c71f2561-3ead-56a9-9210-38aa55004695","codename":"landing_page","last_modified":"2021-06-07T17:00:45.1241485Z","external_id":"7b5e58e8-62e8-503b-b8ed-e4b4dd2396b4","name":"Landing page","content_groups":[{"id":"084c4ab9-4cfe-5ee2-a93c-1bbd878c19b2","name":"Content","codename":"content","external_id":"df7f8d4d-423e-5594-9158-df03d60f04a0"}],"elements":[{"maximum_text_length":null,"validation_regex":null,"name":"Title","guidelines":null,"is_required":false,"type":"text","external_id":"32552c86-8371-52d9-b0cf-d0c18876c581","id":"05066ea4-3956-5676-b7db-bbafbb605638","codename":"title","content_group":{"id":"084c4ab9-4cfe-5ee2-a93c-1bbd878c19b2"}},{"item_count_limit":null,"allowed_content_types":[{"id":"09e08fa5-9b73-5e19-8cfe-649725b33542"},{"id":"885848fb-5e4c-531f-898b-345d58616e58"},{"id":"490b17f7-52e1-5d15-842a-c637d59f7dcc"},{"id":"40764f8d-27c5-559c-abe0-9351da83079a"},{"id":"191d07de-ff78-5d71-b7b5-9e707f042dbd"},{"id":"40a57d02-72fa-509c-927d-aedac231ab0d"}],"name":"Sections","guidelines":null,"is_required":false,"type":"modular_content","external_id":"fbd83757-bbcc-544d-aa29-411b9a1e5864","id":"e8ed7adf-72f0-59e0-9cf7-7409c250b84e","codename":"sections","content_group":{"id":"084c4ab9-4cfe-5ee2-a93c-1bbd878c19b2"}}]},{"id":"c84dc16f-5a2f-5190-9469-caf35ac6d192","codename":"simple_page","last_modified":"2021-06-07T17:00:47.9902606Z","external_id":"de3568e8-0ee4-5019-a265-0f106ffeb4c5","name":"Simple page","content_groups":[{"id":"c51f5a89-eefb-51b6-8f8c-5e5f3d2d4fbf","name":"Content","codename":"content","external_id":"4c08ea13-49a7-5fc8-80ae-26826d2db890"}],"elements":[{"maximum_text_length":null,"validation_regex":null,"name":"Title","guidelines":null,"is_required":false,"type":"text","external_id":"8bc316d1-0407-58cb-8ea3-bb7f5ff809ef","id":"fc08216f-4f51-5781-97ae-80169989afac","codename":"title","content_group":{"id":"c51f5a89-eefb-51b6-8f8c-5e5f3d2d4fbf"}},{"maximum_text_length":null,"validation_regex":null,"name":"Subtitle","guidelines":null,"is_required":false,"type":"text","external_id":"4c20612f-59cc-5d99-a715-0b884d43a1a8","id":"9fb3679e-d3b1-5f9f-9a44-e36e54034d8c","codename":"subtitle","content_group":{"id":"c51f5a89-eefb-51b6-8f8c-5e5f3d2d4fbf"}},{"asset_count_limit":{"value":1,"condition":"at_most"},"maximum_file_size":null,"allowed_file_types":"any","image_width_limit":null,"image_height_limit":null,"name":"Image","guidelines":null,"is_required":false,"type":"asset","external_id":"89f1bbd3-d315-55aa-8313-e9d3aa4ed9fc","id":"cb6b42b2-9d9d-55f7-a99a-6ec8a2f9e7e5","codename":"image","content_group":{"id":"c51f5a89-eefb-51b6-8f8c-5e5f3d2d4fbf"}},{"maximum_text_length":null,"maximum_image_size":null,"allowed_content_types":[],"image_width_limit":null,"image_height_limit":null,"allowed_image_types":"any","allowed_blocks":[],"allowed_formatting":[],"allowed_text_blocks":[],"allowed_table_blocks":[],"allowed_table_formatting":[],"allowed_table_text_blocks":[],"name":"Content","guidelines":null,"is_required":false,"type":"rich_text","external_id":"aceee050-0366-57d6-ab47-b88dc6304dcb","id":"e4f83927-eade-5086-ab19-0bed420f7c86","codename":"content","content_group":{"id":"c51f5a89-eefb-51b6-8f8c-5e5f3d2d4fbf"}}]},{"id":"12594279-75c3-5426-a38e-f46acd771856","codename":"homepage","last_modified":"2021-06-07T17:00:45.1712067Z","external_id":"ad706e61-f1a3-56c6-b4cb-f672fe4b79ac","name":"Homepage","content_groups":[{"id":"d4736541-85a7-540d-9e38-16d7b2c3337a","name":"Sitemap","codename":"sitemap","external_id":"098816b8-8945-519b-b799-009f3bc94064"},{"id":"c053f4eb-5a50-5858-85fe-95c6b37aaff1","name":"Layout","codename":"layout","external_id":"4c8f039d-55d2-5957-8c34-04573bc56dd4"},{"id":"aa47eb58-834b-577d-b8a3-a356dd615ee9","name":"Configuration","codename":"configuration","external_id":"f054ca58-d65d-582c-b016-173da787da8e"},{"id":"a0cb7cbe-f9c3-5766-a095-8ce0573f6d77","name":"SEO","codename":"seo","external_id":"18fbd4bb-2ea6-5ed2-af97-679fec288a3d"}],"elements":[{"item_count_limit":null,"allowed_content_types":[{"id":"4a580051-97d3-5a1e-9d85-35cc524743e5"}],"name":"Subpages","guidelines":null,"is_required":false,"type":"modular_content","external_id":"cfeb285b-e9de-5c55-941b-045724e6d69d","id":"9dc0459a-76ed-5a19-b8e7-ffebe3cd246d","codename":"subpages","content_group":{"id":"d4736541-85a7-540d-9e38-16d7b2c3337a"}},{"item_count_limit":{"value":1,"condition":"exactly"},"allowed_content_types":[{"id":"c71f2561-3ead-56a9-9210-38aa55004695"},{"id":"c84dc16f-5a2f-5190-9469-caf35ac6d192"}],"name":"Content","guidelines":null,"is_required":false,"type":"modular_content","external_id":"5ed05514-8c62-559e-8d7c-c2b97525f09d","id":"ba4c35b5-9f04-58e1-a46e-d1a12afe2155","codename":"content","content_group":{"id":"d4736541-85a7-540d-9e38-16d7b2c3337a"}},{"maximum_text_length":null,"validation_regex":null,"name":"Site prefix","guidelines":"Leave empty, if you don't want any site prefix","is_required":false,"type":"text","external_id":"e86fecab-9560-5164-95a1-d3b2466b3053","id":"52f56deb-c6ce-5463-b5e4-8a838f44c356","codename":"slug","content_group":{"id":"d4736541-85a7-540d-9e38-16d7b2c3337a"}},{"maximum_text_length":null,"validation_regex":null,"name":"Label","guidelines":null,"is_required":true,"type":"text","external_id":"49254a0f-8727-5312-aec0-3b6e908b23e3","id":"5ad0e5a0-a858-5d9d-9b16-4c7bb481a381","codename":"label","content_group":{"id":"c053f4eb-5a50-5858-85fe-95c6b37aaff1"}},{"asset_count_limit":{"value":1,"condition":"at_most"},"maximum_file_size":null,"allowed_file_types":"any","image_width_limit":null,"image_height_limit":null,"name":"Header Logo","guidelines":null,"is_required":false,"type":"asset","external_id":"b92eca54-8866-5584-856c-c6f24cb0b2b3","id":"d730344f-b015-59d7-ba95-93dbebcfa0d7","codename":"header_logo","content_group":{"id":"c053f4eb-5a50-5858-85fe-95c6b37aaff1"}},{"item_count_limit":{"value":1,"condition":"exactly"},"allowed_content_types":[{"id":"9f930629-a21c-57f5-ba51-2b9d6c6010d5"}],"name":"Main Menu","guidelines":null,"is_required":false,"type":"modular_content","external_id":"502832d3-8747-5f1e-9f2a-58aff93855e2","id":"625730c7-5a55-5f11-bc43-407886523c9a","codename":"main_menu","content_group":{"id":"c053f4eb-5a50-5858-85fe-95c6b37aaff1"}},{"maximum_text_length":null,"maximum_image_size":null,"allowed_content_types":[],"image_width_limit":null,"image_height_limit":null,"allowed_image_types":"any","allowed_blocks":["text"],"allowed_formatting":[],"allowed_text_blocks":["paragraph"],"allowed_table_blocks":[],"allowed_table_formatting":[],"allowed_table_text_blocks":[],"name":"Copyright","guidelines":null,"is_required":false,"type":"rich_text","external_id":"60f5ea8f-0e59-5afa-a1b1-227f51798317","id":"3c9a737f-d3c8-5fb6-86ba-66c5d9475c3d","codename":"copyright","content_group":{"id":"c053f4eb-5a50-5858-85fe-95c6b37aaff1"}},{"maximum_text_length":null,"validation_regex":null,"name":"Title","guidelines":"Used as the global title prefix for the whole site.","is_required":false,"type":"text","external_id":"b0ab336c-ff19-544c-94c4-2c20cb2f50b9","id":"274f47ae-86c0-5f53-9870-08547e7714df","codename":"title","content_group":{"id":"aa47eb58-834b-577d-b8a3-a356dd615ee9"}},{"mode":"single","options":[{"id":"c4c2a3f6-44f0-56df-b3e4-988fbeefa376","codename":"system_sans","name":"System Sans","external_id":"09635205-4f94-5297-9904-3d84e90e9edb"},{"id":"d7f254aa-a4a6-58e2-9488-4414eaa1dd5f","codename":"nunito_sans","name":"Nunito Sans","external_id":"731ff3de-b802-54bf-b07a-9f33a4c6c7d5"},{"id":"84d4c351-9822-5f00-a732-71260725e3c8","codename":"fira_sans","name":"Fira Sans","external_id":"e946dfde-9995-5f46-8fe0-e7407ab516d9"}],"name":"Font","guidelines":null,"is_required":true,"type":"multiple_choice","external_id":"44ed0194-cc9e-5426-a353-60889093cfbc","id":"30f67964-3ded-5d96-b41c-7d82fbccffb3","codename":"font","content_group":{"id":"aa47eb58-834b-577d-b8a3-a356dd615ee9"}},{"asset_count_limit":{"value":1,"condition":"at_most"},"maximum_file_size":null,"allowed_file_types":"any","image_width_limit":null,"image_height_limit":null,"name":"Favicon","guidelines":null,"is_required":false,"type":"asset","external_id":"73900b48-431a-509a-a56c-2bae71cef4a7","id":"ceaa3f0d-6104-5dda-8b70-4bdb739ca75d","codename":"favicon","content_group":{"id":"aa47eb58-834b-577d-b8a3-a356dd615ee9"}},{"mode":"single","options":[{"id":"069717ce-fe8c-52d3-8057-1da08714001c","codename":"default","name":"Default","external_id":"272bf713-9901-524f-bee5-7d54bf3c5c2a"},{"id":"3b0a225a-e1c9-5a96-8b5b-25ecdee0ce1a","codename":"blue","name":"Blue","external_id":"2893c9e2-26f0-505e-a8be-c78b412632e9"},{"id":"b237bf68-87fb-5f0e-9986-8c713ea36ff9","codename":"cyan","name":"Cyan","external_id":"a39a7279-2285-51f8-8317-3e20ebbab155"},{"id":"30913faf-7ab4-5c63-9c2c-f57ca7637c67","codename":"green","name":"Green","external_id":"672ae3fa-0acb-5cd0-bb0d-dcde339c959a"},{"id":"0c46fd78-73d5-594f-927e-fa56ab5666e1","codename":"purple","name":"Purple","external_id":"f6844694-f158-5f02-a3dd-af6be887fc4e"}],"name":"Palette","guidelines":null,"is_required":true,"type":"multiple_choice","external_id":"7e93cf70-67af-5e4f-9cd2-e25414474fef","id":"0dabed44-dacc-53ab-b547-deb617e63a3d","codename":"palette","content_group":{"id":"aa47eb58-834b-577d-b8a3-a356dd615ee9"}},{"snippet":{"id":"565af53d-ff33-5078-a405-d99ea4666cd3"},"type":"snippet","external_id":"8f5240c2-b5df-563b-bddd-651caccc6964","id":"c613f7d6-713b-5e48-95b2-2e31668f25dd","codename":"seo","content_group":{"id":"a0cb7cbe-f9c3-5766-a095-8ce0573f6d77"}}]},{"id":"291cc19a-2ea3-566c-a900-04492d0050ca","codename":"form","last_modified":"2021-06-07T17:00:45.4837351Z","external_id":"6bb39a42-1878-5da4-bf0c-71c564af26cf","name":"Form","content_groups":[{"id":"2a379709-96b9-56ee-a283-5e82b23e7f64","name":"Content","codename":"content","external_id":"5d5bd128-3bfb-5ff2-bcbb-aa8cb6e09580"},{"id":"63d19e9e-7fbc-5a4c-9525-0d6a04b96092","name":"Metadata","codename":"metadata","external_id":"e3e737a1-3d18-5c0d-9f85-1f5dbb0475e8"}],"elements":[{"maximum_text_length":null,"validation_regex":null,"name":"Title","guidelines":null,"is_required":false,"type":"text","external_id":"edb05332-1586-508d-bb99-88e266b426ac","id":"f8602e38-7a38-5c8c-9352-474439cb1754","codename":"title","content_group":{"id":"2a379709-96b9-56ee-a283-5e82b23e7f64"}},{"maximum_text_length":null,"validation_regex":null,"name":"Content","guidelines":null,"is_required":false,"type":"text","external_id":"10a29f7c-01b7-5d28-973e-6d5ac8ae021e","id":"ef407662-3901-5600-897d-7f617144d725","codename":"content","content_group":{"id":"2a379709-96b9-56ee-a283-5e82b23e7f64"}},{"item_count_limit":{"value":1,"condition":"at_least"},"allowed_content_types":[{"id":"542f7fcf-97bb-5777-aafe-f671717b984d"},{"id":"ce46251a-edc6-5e46-8cd7-62b354889ace"}],"name":"Fields","guidelines":null,"is_required":true,"type":"modular_content","external_id":"847137d9-0b3f-54ff-849b-2f7369621841","id":"b8031d19-cb7f-55db-af4c-8a80f69bbaf5","codename":"fields","content_group":{"id":"2a379709-96b9-56ee-a283-5e82b23e7f64"}},{"maximum_text_length":null,"validation_regex":null,"name":"Submit Label","guidelines":null,"is_required":true,"type":"text","external_id":"f12ea214-e2cd-5bd5-b880-cdfba674f8c1","id":"472bdb18-90f2-519c-9089-730e404f5200","codename":"submit_label","content_group":{"id":"2a379709-96b9-56ee-a283-5e82b23e7f64"}},{"maximum_text_length":null,"validation_regex":null,"name":"Form ID","guidelines":null,"is_required":true,"type":"text","external_id":"4b679a20-6245-543d-878f-9a29fab527f2","id":"a872af26-f1e4-5147-a9ea-7b7040ada465","codename":"form_id","content_group":{"id":"63d19e9e-7fbc-5a4c-9525-0d6a04b96092"}},{"maximum_text_length":null,"validation_regex":null,"name":"Form Action","guidelines":null,"is_required":false,"type":"text","external_id":"76bf0df7-0d9d-578c-b11a-af55f26123fd","id":"0c184333-5593-5b1b-9877-9585661b74cb","codename":"form_action","content_group":{"id":"63d19e9e-7fbc-5a4c-9525-0d6a04b96092"}}]},{"id":"ce46251a-edc6-5e46-8cd7-62b354889ace","codename":"select_form_field","last_modified":"2021-06-07T17:00:45.0303926Z","external_id":"805879b7-2b27-5af9-bd50-c9f32e06b9da","name":"Select Form Field","content_groups":[],"elements":[{"maximum_text_length":null,"validation_regex":null,"name":"Label","guidelines":null,"is_required":false,"type":"text","external_id":"19f82aa2-d3be-58c2-8e91-176d7a7d04d0","id":"c995d764-6071-5e5d-a373-6b111dfea09b","codename":"label"},{"maximum_text_length":null,"validation_regex":null,"name":"Name","guidelines":null,"is_required":true,"type":"text","external_id":"93063591-a302-598f-bbc7-6e4b81359c7c","id":"e2ad7122-dbc2-52be-af46-02a589a6ce51","codename":"name"},{"item_count_limit":{"value":1,"condition":"at_least"},"allowed_content_types":[{"id":"ea39f1a2-12d1-5215-af6e-f079272af407"}],"name":"Options","guidelines":null,"is_required":false,"type":"modular_content","external_id":"18b6d089-0faf-55de-89dd-fdf9cffaeebd","id":"0fc0a702-1417-5f3c-9c6b-9738c21fcc57","codename":"options"},{"maximum_text_length":null,"validation_regex":null,"name":"Default Value","guidelines":null,"is_required":false,"type":"text","external_id":"c6be13da-8ebd-563b-9358-146572124777","id":"cff6c662-289c-50ce-b26d-505eab7ef8fc","codename":"default_value"},{"mode":"multiple","options":[{"id":"4c871b60-ae5d-5371-94b4-6e98c62fbb50","codename":"required","name":"Required","external_id":"25ab77cb-493d-552d-b8e2-52e0262e1069"}],"name":"Configuration","guidelines":null,"is_required":false,"type":"multiple_choice","external_id":"73015354-5d84-5b9f-a294-030c95908587","id":"5d808406-ffcb-51ac-baa9-58f71c2e7837","codename":"configuration"}]},{"id":"782b4425-df8b-5330-9912-6b77bc4eaa52","codename":"feature","last_modified":"2021-11-16T13:09:54.9146738Z","external_id":"84e5401f-fc98-533a-8983-99920d90d517","name":"Feature","content_groups":[],"elements":[{"maximum_text_length":null,"validation_regex":null,"name":"Title","guidelines":null,"is_required":false,"type":"text","external_id":"b85c7df5-4d54-5487-a6bc-517e81c2ce16","id":"50556669-d989-5029-bfea-80bb2741fc97","codename":"title"},{"asset_count_limit":{"value":1,"condition":"exactly"},"maximum_file_size":null,"allowed_file_types":"any","image_width_limit":null,"image_height_limit":null,"name":"Image","guidelines":null,"is_required":false,"type":"asset","external_id":"3a0c8d03-4513-5446-a663-562f262d018e","id":"1b417cfa-2965-510b-a2d2-4e5d1fb11f8b","codename":"image"},{"maximum_text_length":null,"maximum_image_size":null,"allowed_content_types":[],"image_width_limit":null,"image_height_limit":null,"allowed_image_types":"any","allowed_blocks":["text","tables","images"],"allowed_formatting":[],"allowed_text_blocks":[],"allowed_table_blocks":[],"allowed_table_formatting":[],"allowed_table_text_blocks":[],"name":"Content","guidelines":null,"is_required":false,"type":"rich_text","external_id":"796a6c40-685a-5377-a0b3-8d92e8fd5045","id":"7398bc32-b025-5b81-9f4d-5a1cecd6d1fb","codename":"content"},{"item_count_limit":null,"allowed_content_types":[{"id":"9ced1ca6-c72d-520e-9bdd-756fb1d526ca"}],"name":"Actions","guidelines":null,"is_required":false,"type":"modular_content","external_id":"68cea686-b4a7-5a4e-90e3-cca0992c116c","id":"773e2148-9d22-5935-ada3-2af18abd4e49","codename":"actions"}]},{"id":"da2432c2-906a-53bd-951c-4ccf9125a639","codename":"author","last_modified":"2021-06-07T17:00:45.4212315Z","external_id":"1537fce3-0d26-5fe7-afe6-0b38e5ec84d9","name":"Author","content_groups":[],"elements":[{"maximum_text_length":null,"validation_regex":null,"name":"First Name","guidelines":null,"is_required":false,"type":"text","external_id":"469c1855-e317-50a2-8b02-b8af7bc962c0","id":"4b18ea91-7f79-5c05-a7d5-d414cc4763fd","codename":"first_name"},{"maximum_text_length":null,"validation_regex":null,"name":"Last Name","guidelines":null,"is_required":false,"type":"text","external_id":"7ea6e3ba-07af-54f9-8992-5b12009f9f76","id":"569d168e-ead9-5f30-89eb-1ba0728a7ff9","codename":"last_name"},{"maximum_text_length":null,"validation_regex":null,"name":"Bio","guidelines":null,"is_required":false,"type":"text","external_id":"3d313bde-94e6-5b60-8fcd-d14bb256883f","id":"dcf6a97d-a2ac-5bed-bf21-7403a29a26ce","codename":"bio"},{"asset_count_limit":null,"maximum_file_size":null,"allowed_file_types":"any","image_width_limit":null,"image_height_limit":null,"name":"Photo","guidelines":null,"is_required":false,"type":"asset","external_id":"205923e5-7733-50ba-8a47-2d3d6fff57f4","id":"b6b4345d-6b2a-58a6-a1fd-f279e3a7e10f","codename":"photo"}]},{"id":"191d07de-ff78-5d71-b7b5-9e707f042dbd","codename":"content_section","last_modified":"2021-11-16T13:09:34.2258985Z","external_id":"29cc4834-2794-5cb0-a5cb-e102c2026910","name":"Content Section","content_groups":[],"elements":[{"maximum_text_length":null,"validation_regex":null,"name":"Title","guidelines":null,"is_required":false,"type":"text","external_id":"a8521fda-dd18-599a-abc8-6ad448fab7c2","id":"d9eb00b5-5e1d-5c2e-884d-e12ee6abd61b","codename":"title"},{"asset_count_limit":{"value":1,"condition":"at_most"},"maximum_file_size":null,"allowed_file_types":"any","image_width_limit":null,"image_height_limit":null,"name":"Image","guidelines":null,"is_required":false,"type":"asset","external_id":"f17e7317-b935-55cb-8c5f-f0ab2fc581b0","id":"8de9678c-4451-5790-a520-ea1a356c265c","codename":"image"},{"maximum_text_length":null,"maximum_image_size":null,"allowed_content_types":[],"image_width_limit":null,"image_height_limit":null,"allowed_image_types":"any","allowed_blocks":[],"allowed_formatting":[],"allowed_text_blocks":[],"allowed_table_blocks":[],"allowed_table_formatting":[],"allowed_table_text_blocks":[],"name":"Content","guidelines":null,"is_required":false,"type":"rich_text","external_id":"eb93a53a-c3b4-538b-8a12-1ad2476f1c78","id":"d76eba28-57e2-58d3-9fd1-7fbe0823f5a6","codename":"content"},{"item_count_limit":null,"allowed_content_types":[{"id":"9ced1ca6-c72d-520e-9bdd-756fb1d526ca"}],"name":"Actions","guidelines":null,"is_required":false,"type":"modular_content","external_id":"ba02a582-9362-5598-a381-1d1ccdb006d2","id":"5619f8a2-743c-5255-be58-67436324eb28","codename":"actions"}]},{"id":"09e08fa5-9b73-5e19-8cfe-649725b33542","codename":"cta_section","last_modified":"2021-06-07T17:00:43.0302913Z","external_id":"6b4dbbe0-844b-58fe-ad2c-3956a6a4f266","name":"CTA Section","content_groups":[],"elements":[{"maximum_text_length":null,"validation_regex":null,"name":"Title","guidelines":null,"is_required":false,"type":"text","external_id":"4a295bc2-ab38-57b2-883d-d2a091449ef3","id":"284bd397-b6b0-5e0e-b55c-e5ba9b2ce0ad","codename":"title"},{"maximum_text_length":null,"maximum_image_size":null,"allowed_content_types":[],"image_width_limit":null,"image_height_limit":null,"allowed_image_types":"any","allowed_blocks":[],"allowed_formatting":[],"allowed_text_blocks":[],"allowed_table_blocks":[],"allowed_table_formatting":[],"allowed_table_text_blocks":[],"name":"Subtitle","guidelines":null,"is_required":false,"type":"rich_text","external_id":"7feec6f9-4c04-548d-83a9-5939a7bde600","id":"74cbc9c9-d013-5ccd-91c2-9cac57ee2193","codename":"subtitle"},{"item_count_limit":{"value":1,"condition":"exactly"},"allowed_content_types":[{"id":"9ced1ca6-c72d-520e-9bdd-756fb1d526ca"}],"name":"Action","guidelines":null,"is_required":true,"type":"modular_content","external_id":"94ca1b2c-2357-5119-8480-b70fde5c35b0","id":"0978962c-9525-5689-b8e5-9559361c0f62","codename":"action"}]},{"id":"f5f8867b-970c-539e-b32a-c8d693452787","codename":"post","last_modified":"2021-06-07T17:00:48.0527346Z","external_id":"29a88b30-e2e7-5b5f-9a5c-4114ba52c221","name":"Post","content_groups":[{"id":"fd2fe446-96af-5ec6-878d-0238ab796de8","name":"Content","codename":"content","external_id":"b343ca4e-2595-5f5a-a00c-c61e466c8415"},{"id":"f21830fd-6796-5d8c-b307-14e0bfc71e03","name":"Metadata","codename":"metadata","external_id":"2fa0a3cf-adec-535e-95a6-31924422227b"}],"elements":[{"guidelines":null,"taxonomy_group":{"id":"5effb441-af07-56a4-93a1-46ab4811171a"},"is_required":false,"term_count_limit":null,"type":"taxonomy","external_id":"6012de5d-7d51-488f-bd1b-f9f762120bc3","id":"6d3ba1e3-9bb8-55fb-b062-24c0c47ee4a8","codename":"persona","content_group":{"id":"fd2fe446-96af-5ec6-878d-0238ab796de8"}},{"maximum_text_length":null,"validation_regex":null,"name":"Title","guidelines":null,"is_required":false,"type":"text","external_id":"d80e28af-2b93-5975-864e-ba4e6bc91aa8","id":"7ccf94d5-90ff-53a6-b13e-44a3f701dad9","codename":"title","content_group":{"id":"fd2fe446-96af-5ec6-878d-0238ab796de8"}},{"depends_on":{"element":{"id":"7ccf94d5-90ff-53a6-b13e-44a3f701dad9"}},"name":"Slug","guidelines":null,"is_required":false,"type":"url_slug","external_id":"b124a619-dfc5-5708-bb5c-606042c1eacf","id":"9f5dea60-dcd4-5649-a9f8-18e78d83b61a","codename":"slug","content_group":{"id":"fd2fe446-96af-5ec6-878d-0238ab796de8"}},{"maximum_text_length":null,"validation_regex":null,"name":"Subtitle","guidelines":null,"is_required":false,"type":"text","external_id":"26189bfc-166a-503b-85c7-3a06ae964a42","id":"56dd7bbb-03b9-5e9b-a98b-96f7f758c861","codename":"subtitle","content_group":{"id":"fd2fe446-96af-5ec6-878d-0238ab796de8"}},{"maximum_text_length":null,"validation_regex":null,"name":"Excerpt","guidelines":null,"is_required":false,"type":"text","external_id":"789980fb-dfe1-56d6-b995-1de5f76f6f74","id":"a6baf038-abea-5190-8a4c-d26a08b16bc6","codename":"excerpt","content_group":{"id":"fd2fe446-96af-5ec6-878d-0238ab796de8"}},{"asset_count_limit":{"value":1,"condition":"at_most"},"maximum_file_size":null,"allowed_file_types":"any","image_width_limit":null,"image_height_limit":null,"name":"Image","guidelines":null,"is_required":false,"type":"asset","external_id":"a8b2f0c9-e1c6-5ee2-b04d-a12c9ec498bc","id":"3b024b4d-022f-5ffd-b512-4315531ea970","codename":"image","content_group":{"id":"fd2fe446-96af-5ec6-878d-0238ab796de8"}},{"maximum_text_length":null,"maximum_image_size":null,"allowed_content_types":[],"image_width_limit":null,"image_height_limit":null,"allowed_image_types":"any","allowed_blocks":[],"allowed_formatting":[],"allowed_text_blocks":[],"allowed_table_blocks":[],"allowed_table_formatting":[],"allowed_table_text_blocks":[],"name":"Content","guidelines":null,"is_required":false,"type":"rich_text","external_id":"ab1ff488-66a9-5351-9e12-d1a9276ef19e","id":"842243e9-f51c-5870-a153-89e8f7c6f8a0","codename":"content","content_group":{"id":"fd2fe446-96af-5ec6-878d-0238ab796de8"}},{"name":"Publishing Date","guidelines":null,"is_required":false,"type":"date_time","external_id":"0ca8b2f6-d0c8-5166-a8ee-893e19bd3e95","id":"82702643-d895-5680-bf16-dd8b0680a8e1","codename":"publishing_date","content_group":{"id":"f21830fd-6796-5d8c-b307-14e0bfc71e03"}},{"item_count_limit":{"value":1,"condition":"exactly"},"allowed_content_types":[{"id":"da2432c2-906a-53bd-951c-4ccf9125a639"}],"name":"Author","guidelines":null,"is_required":true,"type":"modular_content","external_id":"4795518a-dae2-552a-9768-4bbc904b37f8","id":"328ebdf2-7e59-54d0-8ec7-a05d4b7953f7","codename":"author","content_group":{"id":"f21830fd-6796-5d8c-b307-14e0bfc71e03"}},{"snippet":{"id":"565af53d-ff33-5078-a405-d99ea4666cd3"},"type":"snippet","external_id":"bafe2b66-9b88-5a13-94c0-038090f5beae","id":"7fa9663d-b101-5e84-ad37-98db1d3b69c0","codename":"seo","content_group":{"id":"f21830fd-6796-5d8c-b307-14e0bfc71e03"}}]},{"id":"acc65c82-ff72-5305-88b9-8fc2cbfc3dce","codename":"external_url","last_modified":"2021-06-07T17:00:48.1152368Z","external_id":"9bbfe268-256e-5bf2-a946-4d4abaa0ba67","name":"External URL","content_groups":[],"elements":[{"maximum_text_length":null,"validation_regex":null,"name":"URL","guidelines":null,"is_required":false,"type":"text","external_id":"da9ae3c5-a2aa-5b08-b2bd-53b5d5cc03ee","id":"a5c93fd3-b613-518a-88ed-cd62e30faa98","codename":"url"}]},{"id":"40764f8d-27c5-559c-abe0-9351da83079a","codename":"hero_section","last_modified":"2021-11-16T13:10:47.6424043Z","external_id":"09414e2c-1049-5484-9592-1f1ab1215b95","name":"Hero Section","content_groups":[],"elements":[{"maximum_text_length":null,"validation_regex":null,"name":"Title","guidelines":null,"is_required":false,"type":"text","external_id":"38548cdc-0650-5a60-a38e-93636119da4c","id":"9207cc6a-8bfe-5ad3-a483-163376b50a7f","codename":"title"},{"asset_count_limit":{"value":1,"condition":"at_most"},"maximum_file_size":null,"allowed_file_types":"any","image_width_limit":null,"image_height_limit":null,"name":"Image","guidelines":null,"is_required":false,"type":"asset","external_id":"c30a0325-7fbc-5b5a-9b3a-352e99468ea6","id":"0ca8e7fd-1f18-5607-bbd4-39f447d30f65","codename":"image"},{"maximum_text_length":null,"maximum_image_size":null,"allowed_content_types":[],"image_width_limit":null,"image_height_limit":null,"allowed_image_types":"any","allowed_blocks":[],"allowed_formatting":[],"allowed_text_blocks":[],"allowed_table_blocks":[],"allowed_table_formatting":[],"allowed_table_text_blocks":[],"name":"Content","guidelines":null,"is_required":false,"type":"rich_text","external_id":"677803d1-ca61-4359-8392-b2d91e0eac6c","id":"f53e015e-fa7f-59a2-acf9-a20e1562a877","codename":"content"},{"item_count_limit":null,"allowed_content_types":[{"id":"9ced1ca6-c72d-520e-9bdd-756fb1d526ca"}],"name":"Actions","guidelines":null,"is_required":false,"type":"modular_content","external_id":"eff6cf1f-be11-5a59-8c1a-efd21879915c","id":"0daab6f8-4398-5f9b-9a21-f32f0a88359b","codename":"actions"}]},{"id":"40a57d02-72fa-509c-927d-aedac231ab0d","codename":"listing_section","last_modified":"2021-06-07T17:00:43.2959018Z","external_id":"51cf2e08-2be9-5b6f-b699-fbb605063cfe","name":"Listing Section","content_groups":[],"elements":[{"maximum_text_length":null,"validation_regex":null,"name":"Title","guidelines":null,"is_required":false,"type":"text","external_id":"8a3ee714-68fe-5706-bb3c-9383cee50ff7","id":"680d1ed1-cd93-5a8a-a118-48bc5c1dc570","codename":"title"},{"maximum_text_length":null,"maximum_image_size":null,"allowed_content_types":[],"image_width_limit":null,"image_height_limit":null,"allowed_image_types":"any","allowed_blocks":["text","tables","images"],"allowed_formatting":[],"allowed_text_blocks":[],"allowed_table_blocks":[],"allowed_table_formatting":[],"allowed_table_text_blocks":[],"name":"Subtitle","guidelines":null,"is_required":false,"type":"rich_text","external_id":"cf6b82ff-c918-5afd-b988-8469526c56dc","id":"76f32410-b74f-5c69-af30-8e7c8669ecba","codename":"subtitle"},{"maximum_text_length":null,"validation_regex":null,"name":"Content type","guidelines":null,"is_required":false,"type":"text","external_id":"984dfed7-21bd-5dea-91c5-907ec1e4b51f","id":"8f08b14e-5831-5c18-93ab-60df5a65c9df","codename":"content_type"},{"maximum_text_length":null,"validation_regex":null,"name":"Order by","guidelines":"Order is descending","is_required":false,"type":"text","external_id":"f66d954b-da3c-5ba1-ad36-948fde30dc9d","id":"17ef3a9d-a3cf-530a-9af1-df9f98126ca0","codename":"order_by"},{"name":"Number of items","guidelines":null,"is_required":false,"type":"number","external_id":"dbca59d8-7b86-539d-8ce7-d942750c7667","id":"eb796dc7-674e-5301-b189-6f54298f80fb","codename":"number_of_items"}]},{"id":"4a580051-97d3-5a1e-9d85-35cc524743e5","codename":"navigation_item","last_modified":"2021-06-07T17:00:45.374397Z","external_id":"590a4f68-c9ce-5ba3-9372-9583f69b4cb5","name":"Navigation Item","content_groups":[{"id":"9a8645b0-2076-5c56-b449-94749f08c587","name":"Main","codename":"main","external_id":"ea22e48f-faae-54ea-8e01-b4c5b889b1fe"},{"id":"b2cfcc50-6bc1-556c-8422-6ee5977b2cda","name":"SEO","codename":"seo","external_id":"70368ab4-73d9-5be0-b2a1-c8700d2e4f2d"}],"elements":[{"maximum_text_length":null,"validation_regex":null,"name":"Label","guidelines":null,"is_required":true,"type":"text","external_id":"475e6474-5391-5154-8e62-8104c19b5c06","id":"a956d096-3801-5c6c-81ae-2f3066334f7b","codename":"label","content_group":{"id":"9a8645b0-2076-5c56-b449-94749f08c587"}},{"depends_on":{"element":{"id":"a956d096-3801-5c6c-81ae-2f3066334f7b"}},"name":"Slug","guidelines":null,"is_required":false,"type":"url_slug","external_id":"a66a5abc-3c37-5515-840c-382e125a9399","id":"38dc4961-51d5-587e-8be3-643d199accc2","codename":"slug","content_group":{"id":"9a8645b0-2076-5c56-b449-94749f08c587"}},{"item_count_limit":null,"allowed_content_types":[{"id":"4a580051-97d3-5a1e-9d85-35cc524743e5"}],"name":"Subpages","guidelines":null,"is_required":false,"type":"modular_content","external_id":"bfac61ac-59c4-5acf-913e-e46446443669","id":"62e7546c-115f-510a-abc6-2cab51571b79","codename":"subpages","content_group":{"id":"9a8645b0-2076-5c56-b449-94749f08c587"}},{"item_count_limit":{"value":1,"condition":"exactly"},"allowed_content_types":[{"id":"c84dc16f-5a2f-5190-9469-caf35ac6d192"},{"id":"c71f2561-3ead-56a9-9210-38aa55004695"},{"id":"938df96c-56f1-5064-821c-3b5f29b69df4"}],"name":"Content","guidelines":null,"is_required":false,"type":"modular_content","external_id":"1bac8f06-d041-5b78-b122-0364659a0d8b","id":"3f2515e8-895c-5e3b-a857-c18320ce9d5f","codename":"content","content_group":{"id":"9a8645b0-2076-5c56-b449-94749f08c587"}},{"snippet":{"id":"565af53d-ff33-5078-a405-d99ea4666cd3"},"type":"snippet","external_id":"75d21bd2-32b0-5013-8679-b0f1fbbe90f8","id":"31a39b0e-050b-5f79-ad44-e5d7c2f22b3c","codename":"seo","content_group":{"id":"b2cfcc50-6bc1-556c-8422-6ee5977b2cda"}}]},{"id":"ea39f1a2-12d1-5215-af6e-f079272af407","codename":"select_form_field_option","last_modified":"2021-06-07T17:00:44.9835135Z","external_id":"9b830345-7d2e-5d9a-8f3d-e0edb89f9799","name":"Select Form Field Option","content_groups":[],"elements":[{"maximum_text_length":null,"validation_regex":null,"name":"Label","guidelines":null,"is_required":false,"type":"text","external_id":"85aa34e7-f8c7-503a-9007-956a7a5b9153","id":"ae0d3dd0-68c8-59f8-bceb-aee5b4f5ef7b","codename":"label"},{"maximum_text_length":null,"validation_regex":null,"name":"Value","guidelines":null,"is_required":false,"type":"text","external_id":"a9edc03c-1fb3-5a36-a89e-8632c64954b7","id":"bc159461-8063-57a4-b14e-0c09cdef200d","codename":"value"}]}]