[{"id":"7a4c09b4-98df-4ebb-8040-28e446bf3f05","name":"Homepage","codename":"homepage","type":{"id":"12594279-75c3-5426-a38e-f46acd771856"},"collection":{"id":"00000000-0000-0000-0000-000000000000"},"sitemap_locations":[],"last_modified":"2021-06-10T13:59:26.41073Z"},{"id":"1511cc2f-c122-4a46-b4ba-86c8e97d9ff6","name":"LinkedIn Left","codename":"linkedin_left","type":{"id":"9febb1a8-a60c-5875-9d4c-01b2396fc285"},"collection":{"id":"00000000-0000-0000-0000-000000000000"},"sitemap_locations":[],"last_modified":"2021-06-10T13:59:27.3958236Z"},{"id":"36a92ddf-4d6e-4b90-af9e-b9dad6d72610","name":"GitHub Right","codename":"github_right","type":{"id":"9febb1a8-a60c-5875-9d4c-01b2396fc285"},"collection":{"id":"00000000-0000-0000-0000-000000000000"},"sitemap_locations":[],"last_modified":"2021-06-10T13:59:28.0221782Z"},{"id":"00892d0a-d1f9-4601-862a-49b7904a2ef6","name":"Twitter Left","codename":"twitter_left","type":{"id":"9febb1a8-a60c-5875-9d4c-01b2396fc285"},"collection":{"id":"00000000-0000-0000-0000-000000000000"},"sitemap_locations":[],"last_modified":"2021-06-10T13:59:28.534831Z"},{"id":"f0b4274a-b99a-4136-b141-e4627d792d00","name":"Subscribe Form","codename":"subscribe_form","type":{"id":"291cc19a-2ea3-566c-a900-04492d0050ca"},"collection":{"id":"00000000-0000-0000-0000-000000000000"},"sitemap_locations":[],"last_modified":"2021-06-10T13:59:29.7942497Z"},{"id":"9bf86d98-d2a8-4d4c-8c00-cb571f652a56","name":"Required Email Field","codename":"required_email_field","type":{"id":"542f7fcf-97bb-5777-aafe-f671717b984d"},"collection":{"id":"00000000-0000-0000-0000-000000000000"},"sitemap_locations":[],"last_modified":"2021-06-10T13:59:30.3137815Z"},{"id":"92ef476a-f7d3-4008-8640-e8e71319ff16","name":"About Us","codename":"about_us","type":{"id":"c84dc16f-5a2f-5190-9469-caf35ac6d192"},"collection":{"id":"00000000-0000-0000-0000-000000000000"},"sitemap_locations":[],"last_modified":"2021-06-10T13:59:31.0139205Z"},{"id":"d90ab5b5-2219-4ad4-8fc5-ed063f542c64","name":"Contact","codename":"contact","type":{"id":"c71f2561-3ead-56a9-9210-38aa55004695"},"collection":{"id":"00000000-0000-0000-0000-000000000000"},"sitemap_locations":[],"last_modified":"2021-06-10T13:59:31.5219399Z"},{"id":"651f6c93-dcbd-4b97-9ca8-302769471b2b","name":"Contact","codename":"contact_6f1134d","type":{"id":"490b17f7-52e1-5d15-842a-c637d59f7dcc"},"collection":{"id":"00000000-0000-0000-0000-000000000000"},"sitemap_locations":[],"last_modified":"2021-06-10T13:59:32.115103Z"},{"id":"7b4592ca-a44f-4138-bcd0-dd0f01e85957","name":"Contact Form","codename":"contact_form","type":{"id":"291cc19a-2ea3-566c-a900-04492d0050ca"},"collection":{"id":"00000000-0000-0000-0000-000000000000"},"sitemap_locations":[],"last_modified":"2021-06-10T13:59:32.647518Z"},{"id":"7fcd8c0c-4792-435e-9e83-31c00f9963c0","name":"Required Name Field","codename":"required_name_field","type":{"id":"542f7fcf-97bb-5777-aafe-f671717b984d"},"collection":{"id":"00000000-0000-0000-0000-000000000000"},"sitemap_locations":[],"last_modified":"2021-06-10T13:59:33.1619811Z"},{"id":"76e3456e-431b-4655-9150-0c021c70e057","name":"Error on the site","codename":"error_on_the_site","type":{"id":"ea39f1a2-12d1-5215-af6e-f079272af407"},"collection":{"id":"00000000-0000-0000-0000-000000000000"},"sitemap_locations":[],"last_modified":"2021-06-10T13:59:33.6503349Z"},{"id":"132ecb83-fead-4983-b926-66b10ab9c0c3","name":"Sponsorship","codename":"sponsorship","type":{"id":"ea39f1a2-12d1-5215-af6e-f079272af407"},"collection":{"id":"00000000-0000-0000-0000-000000000000"},"sitemap_locations":[],"last_modified":"2021-06-10T13:59:34.148384Z"},{"id":"0aa88911-8918-4cae-a5ef-65ea42c40a47","name":"Subject","codename":"subject","type":{"id":"ce46251a-edc6-5e46-8cd7-62b354889ace"},"collection":{"id":"00000000-0000-0000-0000-000000000000"},"sitemap_locations":[],"last_modified":"2021-06-10T13:59:34.648216Z"},{"id":"93f05670-c056-4d55-aeb2-95299563df30","name":"Other","codename":"other","type":{"id":"ea39f1a2-12d1-5215-af6e-f079272af407"},"collection":{"id":"00000000-0000-0000-0000-000000000000"},"sitemap_locations":[],"last_modified":"2021-06-10T13:59:35.2401158Z"},{"id":"43b6d95a-00fb-4bc1-96b0-1e8331b1501f","name":"Message text area","codename":"message_text_area","type":{"id":"542f7fcf-97bb-5777-aafe-f671717b984d"},"collection":{"id":"00000000-0000-0000-0000-000000000000"},"sitemap_locations":[],"last_modified":"2021-06-10T13:59:35.7260881Z"},{"id":"5fea02e5-8d60-44a8-ba35-3561a6a106b8","name":"Consent Checkbox","codename":"consent_checkbox","type":{"id":"542f7fcf-97bb-5777-aafe-f671717b984d"},"collection":{"id":"00000000-0000-0000-0000-000000000000"},"sitemap_locations":[],"last_modified":"2021-06-10T13:59:36.3977784Z"},{"id":"b74946f7-5534-48de-9671-e27bdf7a4dbf","name":"Features","codename":"features","type":{"id":"c71f2561-3ead-56a9-9210-38aa55004695"},"collection":{"id":"00000000-0000-0000-0000-000000000000"},"sitemap_locations":[],"last_modified":"2021-06-10T13:59:36.7109775Z"},{"id":"0eb186c8-b272-4941-8a26-4ec86ece1bae","name":"Request Demo","codename":"view_demo","type":{"id":"9ced1ca6-c72d-520e-9bdd-756fb1d526ca"},"collection":{"id":"00000000-0000-0000-0000-000000000000"},"sitemap_locations":[],"last_modified":"2021-06-10T13:59:37.2274477Z"},{"id":"61330dc7-aead-4a0a-a52d-c04ed0a435a6","name":"Get started CTA","codename":"this_is_call_to_action_block_","type":{"id":"09e08fa5-9b73-5e19-8cfe-649725b33542"},"collection":{"id":"00000000-0000-0000-0000-000000000000"},"sitemap_locations":[],"last_modified":"2021-06-10T13:59:37.7423273Z"},{"id":"0dd290e9-5282-47af-bd77-69049f43d8b8","name":"Get Started - secondary","codename":"get_started","type":{"id":"9ced1ca6-c72d-520e-9bdd-756fb1d526ca"},"collection":{"id":"00000000-0000-0000-0000-000000000000"},"sitemap_locations":[],"last_modified":"2021-06-10T13:59:38.2890657Z"},{"id":"e87a5fdd-20b4-41b6-bda3-9e1ea06cb0bd","name":"Style Guide","codename":"style_guide","type":{"id":"c84dc16f-5a2f-5190-9469-caf35ac6d192"},"collection":{"id":"00000000-0000-0000-0000-000000000000"},"sitemap_locations":[],"last_modified":"2021-06-10T13:59:38.8053771Z"},{"id":"afff6151-e359-4dd7-a125-8feda948e2d7","name":"Features","codename":"features_e0a053c","type":{"id":"4a580051-97d3-5a1e-9d85-35cc524743e5"},"collection":{"id":"00000000-0000-0000-0000-000000000000"},"sitemap_locations":[],"last_modified":"2021-06-10T13:59:39.0391058Z"},{"id":"83e6f1b4-02d6-4b0f-8310-a81dd0adbba9","name":"Style Guide","codename":"style_guide_ce0f7d5","type":{"id":"4a580051-97d3-5a1e-9d85-35cc524743e5"},"collection":{"id":"00000000-0000-0000-0000-000000000000"},"sitemap_locations":[],"last_modified":"2021-06-10T13:59:39.5546949Z"},{"id":"6beb2dc3-204a-4416-8d10-4ec53e21d94c","name":"About Us","codename":"about_us_e2a3843","type":{"id":"4a580051-97d3-5a1e-9d85-35cc524743e5"},"collection":{"id":"00000000-0000-0000-0000-000000000000"},"sitemap_locations":[],"last_modified":"2021-06-10T13:59:39.7757172Z"},{"id":"0ae0377a-e597-471a-8e4b-815b15912164","name":"Blog","codename":"blog","type":{"id":"4a580051-97d3-5a1e-9d85-35cc524743e5"},"collection":{"id":"00000000-0000-0000-0000-000000000000"},"sitemap_locations":[],"last_modified":"2021-06-10T13:59:40.3674332Z"},{"id":"464c7de1-dcb0-40e7-a91f-bd795a7e2167","name":"Blog","codename":"blog_cf72cdb","type":{"id":"938df96c-56f1-5064-821c-3b5f29b69df4"},"collection":{"id":"00000000-0000-0000-0000-000000000000"},"sitemap_locations":[],"last_modified":"2021-06-10T13:59:40.9338875Z"},{"id":"1788fb14-c1c0-40c0-a8b9-98efa9d0e774","name":"Main content","codename":"main_content","type":{"id":"c71f2561-3ead-56a9-9210-38aa55004695"},"collection":{"id":"00000000-0000-0000-0000-000000000000"},"sitemap_locations":[],"last_modified":"2021-06-10T13:59:41.6648309Z"},{"id":"d526ff14-56c7-421d-84d3-8b9b7d6f749e","name":"Contact","codename":"contact_9c97353","type":{"id":"4a580051-97d3-5a1e-9d85-35cc524743e5"},"collection":{"id":"00000000-0000-0000-0000-000000000000"},"sitemap_locations":[],"last_modified":"2021-06-10T13:59:42.1653397Z"},{"id":"e59b2c93-c7b3-4505-b028-05d59c785192","name":"Main Hero Section","codename":"main_hero_section","type":{"id":"40764f8d-27c5-559c-abe0-9351da83079a"},"collection":{"id":"00000000-0000-0000-0000-000000000000"},"sitemap_locations":[],"last_modified":"2021-06-10T13:59:42.6688248Z"},{"id":"c7706384-15c7-495e-b6f3-384b8d5a721e","name":"Learn More - Primary","codename":"learn_more","type":{"id":"9ced1ca6-c72d-520e-9bdd-756fb1d526ca"},"collection":{"id":"00000000-0000-0000-0000-000000000000"},"sitemap_locations":[],"last_modified":"2021-06-10T13:59:43.1804623Z"},{"id":"b3586cb6-0540-4a10-91f7-a7b9f39a78b2","name":"Features section","codename":"features_section","type":{"id":"885848fb-5e4c-531f-898b-345d58616e58"},"collection":{"id":"00000000-0000-0000-0000-000000000000"},"sitemap_locations":[],"last_modified":"2021-06-10T13:59:43.680467Z"},{"id":"0cc64417-8baa-49a7-876d-0baca9f52bf1","name":"Arrow Right","codename":"arrow_right","type":{"id":"9febb1a8-a60c-5875-9d4c-01b2396fc285"},"collection":{"id":"00000000-0000-0000-0000-000000000000"},"sitemap_locations":[],"last_modified":"2021-06-10T13:59:44.1687175Z"},{"id":"fe308ad9-5ea6-4661-ab1f-e24cc9a13d83","name":"Features - Learn More With Icon Secondary","codename":"learn_more_b6026f5","type":{"id":"9ced1ca6-c72d-520e-9bdd-756fb1d526ca"},"collection":{"id":"00000000-0000-0000-0000-000000000000"},"sitemap_locations":[],"last_modified":"2021-06-10T13:59:44.415344Z"},{"id":"62ec3740-59ef-43e8-a9d3-f6e3caf837e3","name":"Benefits for everyone","codename":"the_best_features_of_your_services","type":{"id":"191d07de-ff78-5d71-b7b5-9e707f042dbd"},"collection":{"id":"00000000-0000-0000-0000-000000000000"},"sitemap_locations":[],"last_modified":"2021-06-10T13:59:44.6648419Z"},{"id":"8db6e43d-5f8a-4904-b1d7-57ffc28f622c","name":"Get Started CTA block","codename":"this_is_call_to_action_block__117a486","type":{"id":"09e08fa5-9b73-5e19-8cfe-649725b33542"},"collection":{"id":"00000000-0000-0000-0000-000000000000"},"sitemap_locations":[],"last_modified":"2021-06-10T13:59:45.2117187Z"},{"id":"af2476ec-7309-4a5b-8abf-8b56b799463d","name":"Get Started Primary","codename":"get_started_primary","type":{"id":"9ced1ca6-c72d-520e-9bdd-756fb1d526ca"},"collection":{"id":"00000000-0000-0000-0000-000000000000"},"sitemap_locations":[],"last_modified":"2021-06-10T13:59:45.7463749Z"},{"id":"30b32303-d0f5-4d73-ad19-04a105df5020","name":"Three Latest Posts","codename":"three_latest_posts","type":{"id":"40a57d02-72fa-509c-927d-aedac231ab0d"},"collection":{"id":"00000000-0000-0000-0000-000000000000"},"sitemap_locations":[],"last_modified":"2021-06-10T13:59:46.322525Z"},{"id":"3cd04332-a979-4862-8997-89eab02daeb0","name":"Github Left","codename":"github_left","type":{"id":"9febb1a8-a60c-5875-9d4c-01b2396fc285"},"collection":{"id":"00000000-0000-0000-0000-000000000000"},"sitemap_locations":[],"last_modified":"2021-06-10T13:59:46.5725281Z"},{"id":"62963225-3e0c-4954-937d-d1b42fe5bcb8","name":"Super additional feature- with external link","codename":"web_spotlight","type":{"id":"782b4425-df8b-5330-9912-6b77bc4eaa52"},"collection":{"id":"00000000-0000-0000-0000-000000000000"},"sitemap_locations":[],"last_modified":"2021-06-10T13:59:47.2928506Z"},{"id":"26ee2e85-cd7f-405c-b1dd-1d59e4c31578","name":"Extra Feature - learn more","codename":"web_spotlight___learn_more","type":{"id":"9ced1ca6-c72d-520e-9bdd-756fb1d526ca"},"collection":{"id":"00000000-0000-0000-0000-000000000000"},"sitemap_locations":[],"last_modified":"2021-06-10T13:59:47.6037847Z"},{"id":"923e058e-40d1-494e-8841-7c72b2c69bc2","name":"Talk to us primary","codename":"talk_to_us_primary","type":{"id":"9ced1ca6-c72d-520e-9bdd-756fb1d526ca"},"collection":{"id":"00000000-0000-0000-0000-000000000000"},"sitemap_locations":[],"last_modified":"2021-06-10T13:59:48.1512626Z"},{"id":"db473276-5433-4d8e-bc74-4c8d203a6719","name":"Additional features","codename":"additional_features","type":{"id":"885848fb-5e4c-531f-898b-345d58616e58"},"collection":{"id":"00000000-0000-0000-0000-000000000000"},"sitemap_locations":[],"last_modified":"2021-06-10T13:59:48.546008Z"},{"id":"ed9f4878-85c7-4196-b17e-e7fdb63fba21","name":"Twitter Link With Icon","codename":"twitter_link","type":{"id":"9ced1ca6-c72d-520e-9bdd-756fb1d526ca"},"collection":{"id":"00000000-0000-0000-0000-000000000000"},"sitemap_locations":[],"last_modified":"2021-06-10T13:59:49.0608521Z"},{"id":"84c76353-ba3a-4dcc-9714-53dc0d626ad0","name":"LinkedIn Link With Icon","codename":"linkedin_link","type":{"id":"9ced1ca6-c72d-520e-9bdd-756fb1d526ca"},"collection":{"id":"00000000-0000-0000-0000-000000000000"},"sitemap_locations":[],"last_modified":"2021-06-10T13:59:49.5596057Z"},{"id":"83dafb32-c949-4e1e-9042-f6fde35342e5","name":"GitHub Link With Icon","codename":"github_link","type":{"id":"9ced1ca6-c72d-520e-9bdd-756fb1d526ca"},"collection":{"id":"00000000-0000-0000-0000-000000000000"},"sitemap_locations":[],"last_modified":"2021-06-10T13:59:50.0725442Z"},{"id":"66ccbee0-8405-48f1-9cb8-8e386ebe68c5","name":"LinkedIn URL","codename":"linkedin_url","type":{"id":"acc65c82-ff72-5305-88b9-8fc2cbfc3dce"},"collection":{"id":"00000000-0000-0000-0000-000000000000"},"sitemap_locations":[],"last_modified":"2021-06-10T13:59:50.5725672Z"},{"id":"89d43714-ee88-404e-839c-05cc59f9150e","name":"GitHub URL","codename":"github_url","type":{"id":"acc65c82-ff72-5305-88b9-8fc2cbfc3dce"},"collection":{"id":"00000000-0000-0000-0000-000000000000"},"sitemap_locations":[],"last_modified":"2021-06-10T13:59:51.2009427Z"},{"id":"34d98682-6379-4bd3-bcbc-9470217a32da","name":"Twitter URL","codename":"twitter_url","type":{"id":"acc65c82-ff72-5305-88b9-8fc2cbfc3dce"},"collection":{"id":"00000000-0000-0000-0000-000000000000"},"sitemap_locations":[],"last_modified":"2021-06-10T13:59:51.7682204Z"},{"id":"7bfe9d7f-d95a-46a2-82b0-14b97650be08","name":"Features","codename":"features_ca5aacc","type":{"id":"9ced1ca6-c72d-520e-9bdd-756fb1d526ca"},"collection":{"id":"00000000-0000-0000-0000-000000000000"},"sitemap_locations":[],"last_modified":"2021-06-10T13:59:52.2525981Z"},{"id":"ea72c20d-ca34-4e67-95ab-0e331862f10d","name":"Main Menu","codename":"main_menu","type":{"id":"9f930629-a21c-57f5-ba51-2b9d6c6010d5"},"collection":{"id":"00000000-0000-0000-0000-000000000000"},"sitemap_locations":[],"last_modified":"2021-06-10T13:59:52.6489071Z"},{"id":"242f58d2-e730-4480-a57d-1b3f193b6128","name":"External Features URL","codename":"webspotlight_url","type":{"id":"acc65c82-ff72-5305-88b9-8fc2cbfc3dce"},"collection":{"id":"00000000-0000-0000-0000-000000000000"},"sitemap_locations":[],"last_modified":"2021-06-10T13:59:53.1253112Z"},{"id":"139305ce-6944-4469-932d-aef325964a92","name":"Style Guide","codename":"style_guide_3e20719","type":{"id":"9ced1ca6-c72d-520e-9bdd-756fb1d526ca"},"collection":{"id":"00000000-0000-0000-0000-000000000000"},"sitemap_locations":[],"last_modified":"2021-06-10T13:59:53.7347252Z"},{"id":"281774a1-8884-450e-9788-a32f5b390a15","name":"About Us","codename":"about_us_c955b58","type":{"id":"9ced1ca6-c72d-520e-9bdd-756fb1d526ca"},"collection":{"id":"00000000-0000-0000-0000-000000000000"},"sitemap_locations":[],"last_modified":"2021-06-10T13:59:54.2194997Z"},{"id":"f118319f-65ae-4aea-9fe0-59a0bfca8dbd","name":"Community Menu","codename":"community_menu","type":{"id":"9f930629-a21c-57f5-ba51-2b9d6c6010d5"},"collection":{"id":"00000000-0000-0000-0000-000000000000"},"sitemap_locations":[],"last_modified":"2021-06-10T13:59:54.6253748Z"},{"id":"d4ac7cc7-35d3-4580-adf0-b1a6d2251378","name":"Blog","codename":"blog_81248ba","type":{"id":"9ced1ca6-c72d-520e-9bdd-756fb1d526ca"},"collection":{"id":"00000000-0000-0000-0000-000000000000"},"sitemap_locations":[],"last_modified":"2021-06-10T13:59:55.1525399Z"},{"id":"5c82a24c-973e-416c-b41d-e11a628d537c","name":"Contact","codename":"contact_1838a29","type":{"id":"9ced1ca6-c72d-520e-9bdd-756fb1d526ca"},"collection":{"id":"00000000-0000-0000-0000-000000000000"},"sitemap_locations":[],"last_modified":"2021-06-10T13:59:55.3870182Z"},{"id":"e314a7c6-275f-4d70-97ce-8badb74dd890","name":"Problem Solver","codename":"problem_solver","type":{"id":"782b4425-df8b-5330-9912-6b77bc4eaa52"},"collection":{"id":"00000000-0000-0000-0000-000000000000"},"sitemap_locations":[],"last_modified":"2021-06-10T13:59:55.9534376Z"},{"id":"a7c1710a-ad80-465c-8a85-81efd25fe5b8","name":"Problem Identifier","codename":"problem_identifier","type":{"id":"782b4425-df8b-5330-9912-6b77bc4eaa52"},"collection":{"id":"00000000-0000-0000-0000-000000000000"},"sitemap_locations":[],"last_modified":"2021-06-10T13:59:56.1723147Z"},{"id":"9714cf14-8da1-49b9-93b0-93823b3a0d06","name":"Problem Preventer","codename":"problem_preventer","type":{"id":"782b4425-df8b-5330-9912-6b77bc4eaa52"},"collection":{"id":"00000000-0000-0000-0000-000000000000"},"sitemap_locations":[],"last_modified":"2021-06-10T13:59:56.4025848Z"},{"id":"4cb8563a-d9cf-43c3-9627-3d71c9aff7ae","name":"John Doe","codename":"john_doe_6ecf434","type":{"id":"da2432c2-906a-53bd-951c-4ccf9125a639"},"collection":{"id":"00000000-0000-0000-0000-000000000000"},"sitemap_locations":[],"last_modified":"2021-06-10T13:59:57.1369272Z"},{"id":"b53395eb-b1f4-4e9e-880a-fce1493bad0a","name":"John Smith","codename":"john_smith","type":{"id":"da2432c2-906a-53bd-951c-4ccf9125a639"},"collection":{"id":"00000000-0000-0000-0000-000000000000"},"sitemap_locations":[],"last_modified":"2021-06-10T13:59:57.7278618Z"},{"id":"e94cb891-81fe-45ce-a5e6-fa2afc2c4635","name":"Adam Foo","codename":"adam_foo","type":{"id":"da2432c2-906a-53bd-951c-4ccf9125a639"},"collection":{"id":"00000000-0000-0000-0000-000000000000"},"sitemap_locations":[],"last_modified":"2021-06-10T13:59:58.2238876Z"},{"id":"2631f94a-bf25-4261-8e50-fb8a038451c9","name":"Jane Doe","codename":"jane_doe_68b4908","type":{"id":"da2432c2-906a-53bd-951c-4ccf9125a639"},"collection":{"id":"00000000-0000-0000-0000-000000000000"},"sitemap_locations":[],"last_modified":"2021-06-10T13:59:58.7431072Z"},{"id":"bba05ca8-9568-4478-b8dc-2d202f992e1e","name":"5 tips to solve your problems","codename":"n5_tips_to_solve_your_problems","type":{"id":"f5f8867b-970c-539e-b32a-c8d693452787"},"collection":{"id":"00000000-0000-0000-0000-000000000000"},"sitemap_locations":[],"last_modified":"2021-06-10T13:59:59.2297164Z"},{"id":"a1554621-5481-4515-a87c-4e2d9f919a41","name":"Eve Bar","codename":"eve_bar","type":{"id":"da2432c2-906a-53bd-951c-4ccf9125a639"},"collection":{"id":"00000000-0000-0000-0000-000000000000"},"sitemap_locations":[],"last_modified":"2021-06-10T13:59:59.4797585Z"},{"id":"bbcde4f8-3caa-41e5-9967-5a3a22cc3fb4","name":"Keep your assets up to speed","codename":"keep_your_assets_up_to_speed","type":{"id":"f5f8867b-970c-539e-b32a-c8d693452787"},"collection":{"id":"00000000-0000-0000-0000-000000000000"},"sitemap_locations":[],"last_modified":"2021-06-10T13:59:59.7144476Z"},{"id":"eae659ea-68cf-4cc2-aca3-66beb454e9a9","name":"Don't be afraid to fail","codename":"don_t_be_afraid_to_fail","type":{"id":"f5f8867b-970c-539e-b32a-c8d693452787"},"collection":{"id":"00000000-0000-0000-0000-000000000000"},"sitemap_locations":[],"last_modified":"2021-06-10T13:59:59.9513361Z"},{"id":"216fb6f3-ac45-48c1-a83d-6f72706becda","name":"All your benefits at one place","codename":"all_your_benefits_at_one_place","type":{"id":"f5f8867b-970c-539e-b32a-c8d693452787"},"collection":{"id":"00000000-0000-0000-0000-000000000000"},"sitemap_locations":[],"last_modified":"2021-06-10T14:00:00.5444942Z"},{"id":"b1fe8079-4225-4dc8-ba06-d72b3e19890a","name":"Define your user journey","codename":"define_your_user_journey","type":{"id":"f5f8867b-970c-539e-b32a-c8d693452787"},"collection":{"id":"00000000-0000-0000-0000-000000000000"},"sitemap_locations":[],"last_modified":"2021-06-10T14:00:02.2798522Z"},{"id":"e706d915-58d8-4760-8f71-45b8255f1c6f","name":"How to collaborate","codename":"how_to_collaborate","type":{"id":"f5f8867b-970c-539e-b32a-c8d693452787"},"collection":{"id":"00000000-0000-0000-0000-000000000000"},"sitemap_locations":[],"last_modified":"2021-06-10T14:00:02.9037407Z"},{"id":"2db7712f-2c62-49f5-93cb-a869a7701416","name":"Go International","codename":"go_international","type":{"id":"f5f8867b-970c-539e-b32a-c8d693452787"},"collection":{"id":"00000000-0000-0000-0000-000000000000"},"sitemap_locations":[],"last_modified":"2021-06-10T14:00:04.2321268Z"},{"id":"39492095-d430-4f14-bae0-3d205ca79760","name":"Shape your skills","codename":"shape_your_skills","type":{"id":"f5f8867b-970c-539e-b32a-c8d693452787"},"collection":{"id":"00000000-0000-0000-0000-000000000000"},"sitemap_locations":[],"last_modified":"2021-06-10T14:00:11.2973411Z"},{"id":"8486e63c-bbb6-4916-a22d-d1de8c1b72c3","name":"More information","codename":"more_information","type":{"id":"4a580051-97d3-5a1e-9d85-35cc524743e5"},"collection":{"id":"00000000-0000-0000-0000-000000000000"},"sitemap_locations":[],"last_modified":"2021-06-10T14:00:12.1372209Z"},{"id":"369c8eff-bfaa-4508-b7da-2276fbb1d022","name":"How to validate services","codename":"how_to_validate_services","type":{"id":"f5f8867b-970c-539e-b32a-c8d693452787"},"collection":{"id":"00000000-0000-0000-0000-000000000000"},"sitemap_locations":[],"last_modified":"2021-06-10T14:00:13.8107729Z"},{"id":"95bed389-5561-4d5a-88b0-ab1a2f825203","name":"More information","codename":"more_information_aa8896c","type":{"id":"c84dc16f-5a2f-5190-9469-caf35ac6d192"},"collection":{"id":"00000000-0000-0000-0000-000000000000"},"sitemap_locations":[],"last_modified":"2021-06-10T14:00:16.2635186Z"},{"id":"b1a62b19-ed06-4810-9711-3edbee72340f","name":"About Us secondary","codename":"about_us_secondary","type":{"id":"9ced1ca6-c72d-520e-9bdd-756fb1d526ca"},"collection":{"id":"00000000-0000-0000-0000-000000000000"},"sitemap_locations":[],"last_modified":"2021-06-10T14:00:17.2610835Z"},{"id":"2ea43e87-ea73-48db-a996-b21c5775920f","name":"Post for developers 1","codename":"post_for_developers_1","type":{"id":"f5f8867b-970c-539e-b32a-c8d693452787"},"collection":{"id":"00000000-0000-0000-0000-000000000000"},"sitemap_locations":[],"last_modified":"2021-06-10T14:00:20.0139176Z"},{"id":"bad0da2f-74bc-498a-b96c-8202a7b65278","name":"Post for developers 2","codename":"post_for_developers_2","type":{"id":"f5f8867b-970c-539e-b32a-c8d693452787"},"collection":{"id":"00000000-0000-0000-0000-000000000000"},"sitemap_locations":[],"last_modified":"2021-06-10T14:00:23.5267031Z"}]