[{"id":"565af53d-ff33-5078-a405-d99ea4666cd3","codename":"seo","last_modified":"2021-06-10T13:57:45.474326Z","external_id":"c01fffce-ec30-5311-8a6d-52ad90934c1b","name":"SEO","elements":[{"maximum_text_length":null,"name":"Title","guidelines":null,"is_required":false,"type":"text","external_id":"9ca3abe2-e63e-5f9c-925b-79a95eb23525","id":"6c47373f-eb71-5329-946d-e5e5072423cc","codename":"seo__title"},{"maximum_text_length":{"value":160,"applies_to":"characters"},"name":"Description","guidelines":null,"is_required":false,"type":"text","external_id":"3072a2d9-3e2c-59e6-bf81-85d9bc696a50","id":"3b13da28-b04a-5f75-966c-4deff19cf8e9","codename":"seo__description"},{"maximum_text_length":null,"name":"Keywords","guidelines":null,"is_required":false,"type":"text","external_id":"94c37747-eb31-5521-b6c6-69813bca4ab1","id":"c50cade5-cec9-5547-933a-3df453e7b6ca","codename":"seo__keywords"},{"maximum_text_length":null,"name":"Canonical URL","guidelines":null,"is_required":false,"type":"text","external_id":"440da44d-add4-58e0-89dc-422779bf5fb4","id":"342feaa6-d7df-5e23-ab08-389e32e4300b","codename":"seo__canonical_url"},{"mode":"multiple","options":[{"id":"70d823b5-b7e8-5a68-aad1-df5536571a78","codename":"no_index","name":"No Index","external_id":"d6efd15c-3a13-5ad5-af83-1ba3b7876336"}],"name":"Options","guidelines":null,"is_required":false,"type":"multiple_choice","external_id":"40c147cd-ba16-5ff1-beed-0228c3dc0494","id":"eb71e8be-69eb-51a9-961c-54676b485f86","codename":"seo__options"}]}]