[{"id":"6b4dbbe0-844b-58fe-ad2c-3956a6a4f266","codename":"cta_section","last_modified":"2021-05-27T07:56:55.9908356Z","external_id":"4b907c78-c4ce-46ea-95ca-20b00875ad6c","name":"CTA Section","content_groups":[],"elements":[{"maximum_text_length":null,"name":"Title","guidelines":null,"is_required":false,"type":"text","external_id":"f76442c6-b6b3-4912-b6fe-59876c4851f2","id":"4a295bc2-ab38-57b2-883d-d2a091449ef3","codename":"title"},{"maximum_text_length":null,"maximum_image_size":null,"allowed_content_types":[],"image_width_limit":null,"image_height_limit":null,"allowed_image_types":"any","allowed_blocks":[],"allowed_formatting":[],"allowed_text_blocks":[],"allowed_table_blocks":[],"allowed_table_formatting":[],"allowed_table_text_blocks":[],"name":"Subtitle","guidelines":null,"is_required":false,"type":"rich_text","external_id":"bbdbafa7-43ef-4cb6-8862-2bf94e74b4b2","id":"7feec6f9-4c04-548d-83a9-5939a7bde600","codename":"subtitle"},{"item_count_limit":{"value":1,"condition":"exactly"},"allowed_content_types":[{"id":"779c1a4b-4aef-5ca4-b22e-f48565d2857e"}],"name":"Action","guidelines":null,"is_required":true,"type":"modular_content","external_id":"26676e8e-d63a-4b11-af2b-cce3fbdb1a72","id":"94ca1b2c-2357-5119-8480-b70fde5c35b0","codename":"action"}]},{"id":"14f16e57-1d1c-594a-8d20-e4dbf55bca6e","codename":"listing_page","last_modified":"2021-05-27T07:56:57.4946395Z","external_id":"e8eb46e2-fd6c-45df-b0f4-a498b987f545","name":"Listing page","content_groups":[{"id":"685063d4-3f81-5a98-9122-562747074db7","name":"Content","codename":"content","external_id":"f0f9e195-66fb-49a7-a278-2c1fa4947547"}],"elements":[{"maximum_text_length":null,"name":"Title","guidelines":null,"is_required":false,"type":"text","external_id":"992a426f-8cf9-4fbe-874b-03af305ee2d6","id":"d1e387d0-596a-5edd-a7bd-e176a2529d85","codename":"title","content_group":{"id":"685063d4-3f81-5a98-9122-562747074db7"}},{"maximum_text_length":null,"name":"Content type","guidelines":null,"is_required":false,"type":"text","external_id":"5d79a367-2d53-4851-a526-6f1218d4d5b5","id":"e35ce0b8-99af-5e50-98b9-b82904bc8684","codename":"content_type","content_group":{"id":"685063d4-3f81-5a98-9122-562747074db7"}}]},{"id":"779c1a4b-4aef-5ca4-b22e-f48565d2857e","codename":"action","last_modified":"2021-05-27T07:56:56.1185797Z","external_id":"c2cb7564-a52d-4f76-b189-3fa40b62f7d6","name":"Action","content_groups":[],"elements":[{"maximum_text_length":null,"name":"Label","guidelines":null,"is_required":true,"type":"text","external_id":"5f5ff9ee-3da7-4447-8f37-3c0906b49b92","id":"4dd4eb53-851b-5929-8e44-7f8bc8390d48","codename":"label"},{"item_count_limit":{"value":1,"condition":"exactly"},"allowed_content_types":[{"id":"590a4f68-c9ce-5ba3-9372-9583f69b4cb5"},{"id":"9bbfe268-256e-5bf2-a946-4d4abaa0ba67"}],"name":"Navigation Item","guidelines":null,"is_required":true,"type":"modular_content","external_id":"b105aedc-5931-4259-b1e1-e5bf3952a593","id":"e834096b-c516-5cef-a7da-dfdbc6c333f6","codename":"navigation_item"},{"item_count_limit":null,"allowed_content_types":[{"id":"02f166c1-00eb-54c0-b7da-7ee50283d007"}],"name":"Icon","guidelines":null,"is_required":false,"type":"modular_content","external_id":"635d501d-8299-4855-b0b2-5a9335d201ca","id":"4fb5e81c-04d1-5798-9abf-d80557dd53c2","codename":"icon"},{"mode":"single","options":[{"id":"08a7f8f3-2e7f-5320-909a-fb8c81c2446e","codename":"primary","name":"Primary","external_id":"d3a4fd0f-5eea-4bdb-a82d-e55924126a96"},{"id":"e48bdc15-44e1-51ae-851a-eb2cf44f2f8e","codename":"secondary","name":"Secondary","external_id":"32bc5c9b-f42d-4425-ad38-4202c21260ec"}],"name":"Role","guidelines":"Default action is link","is_required":false,"type":"multiple_choice","external_id":"db760278-4a04-47e5-a250-ac295b6a5a41","id":"a7977e97-07d2-5c9e-a3ca-0b832d2c0c82","codename":"role"},{"mode":"multiple","options":[{"id":"bb58a31a-d9aa-5003-a289-430ea5919be1","codename":"new_window","name":"New Window","external_id":"02561f4f-5998-45d9-ae64-efdeb6c9408b"},{"id":"c37c79fc-1c67-5184-8d7a-ca9629c7be47","codename":"no_follow","name":"No Follow","external_id":"73345525-1a8b-4db4-b41c-15e36973ab77"},{"id":"663058bd-d9ae-563a-8e42-38c90c6f93a0","codename":"outlined","name":"Outlined","external_id":"8e514c3a-00e3-4845-83c0-c62913092a84"}],"name":"Options","guidelines":null,"is_required":false,"type":"multiple_choice","external_id":"e46d39ad-10eb-4135-b931-60b07c014f1b","id":"0cb105b0-3a5c-5c87-b4a6-16e576c18014","codename":"options"}]},{"id":"23606967-ecf8-50df-8311-80585d1771b5","codename":"contact_section","last_modified":"2021-05-27T07:56:58.1352683Z","external_id":"701e740a-f58d-4372-87b5-49f6777ccf87","name":"Contact Section","content_groups":[],"elements":[{"maximum_text_length":null,"name":"Title","guidelines":null,"is_required":false,"type":"text","external_id":"8cd23aa8-5d6e-4680-8029-2675681254ee","id":"122ebf81-1e8b-5ba2-bc85-7ed0c8b2e986","codename":"title"},{"maximum_text_length":null,"maximum_image_size":null,"allowed_content_types":[],"image_width_limit":null,"image_height_limit":null,"allowed_image_types":"any","allowed_blocks":["text","tables","images"],"allowed_formatting":[],"allowed_text_blocks":[],"allowed_table_blocks":[],"allowed_table_formatting":[],"allowed_table_text_blocks":[],"name":"Subtitle","guidelines":null,"is_required":false,"type":"rich_text","external_id":"9906128a-82f6-4ee4-8817-bfe2f4d5c080","id":"efdeab1b-d355-59f5-a2ec-b0b189996906","codename":"subtitle"},{"maximum_text_length":null,"maximum_image_size":null,"allowed_content_types":[],"image_width_limit":null,"image_height_limit":null,"allowed_image_types":"any","allowed_blocks":[],"allowed_formatting":[],"allowed_text_blocks":[],"allowed_table_blocks":[],"allowed_table_formatting":[],"allowed_table_text_blocks":[],"name":"Content","guidelines":null,"is_required":false,"type":"rich_text","external_id":"18200e48-ee9c-478b-979a-794fde4dfe0b","id":"b29cd147-f53e-57e3-908e-e5cf85b15931","codename":"content"},{"item_count_limit":{"value":1,"condition":"exactly"},"allowed_content_types":[{"id":"6bb39a42-1878-5da4-bf0c-71c564af26cf"}],"name":"Form","guidelines":null,"is_required":true,"type":"modular_content","external_id":"0e3bf54f-9e45-4366-8236-8731eb5f02a2","id":"81a99b13-8a9d-553d-95b9-c617e8c3e8be","codename":"form"}]},{"id":"f6252866-b398-44f2-a28c-be8654291df9","codename":"cool_test","last_modified":"2021-07-07T10:47:21.3057358Z","name":"Cool test","content_groups":[],"elements":[{"maximum_text_length":null,"name":"Text","guidelines":null,"is_required":false,"type":"text","id":"94b0de64-d4d4-4f9e-96b6-1a23b180d997","codename":"text"}]},{"id":"51cf2e08-2be9-5b6f-b699-fbb605063cfe","codename":"listing_section","last_modified":"2021-05-27T07:56:55.7052913Z","external_id":"5c7f683c-1b55-4e70-b1b4-7bdd5904c5da","name":"Listing Section","content_groups":[],"elements":[{"maximum_text_length":null,"name":"Title","guidelines":null,"is_required":false,"type":"text","external_id":"d369ac10-686e-4f6a-a7fd-07ffa3db504c","id":"8a3ee714-68fe-5706-bb3c-9383cee50ff7","codename":"title"},{"maximum_text_length":null,"maximum_image_size":null,"allowed_content_types":[],"image_width_limit":null,"image_height_limit":null,"allowed_image_types":"any","allowed_blocks":["text","tables","images"],"allowed_formatting":[],"allowed_text_blocks":[],"allowed_table_blocks":[],"allowed_table_formatting":[],"allowed_table_text_blocks":[],"name":"Subtitle","guidelines":null,"is_required":false,"type":"rich_text","external_id":"b8ebd0ec-a43d-4ebb-ae74-ed779fb35a2f","id":"cf6b82ff-c918-5afd-b988-8469526c56dc","codename":"subtitle"},{"maximum_text_length":null,"name":"Content type","guidelines":null,"is_required":false,"type":"text","external_id":"9a759ea3-47ee-4596-b8a4-4fb912192996","id":"984dfed7-21bd-5dea-91c5-907ec1e4b51f","codename":"content_type"},{"maximum_text_length":null,"name":"Order by","guidelines":"Order is descending","is_required":false,"type":"text","external_id":"0fb2ef69-8b47-4842-a607-554dbcfaa3f1","id":"f66d954b-da3c-5ba1-ad36-948fde30dc9d","codename":"order_by"},{"name":"Number of items","guidelines":null,"is_required":false,"type":"number","external_id":"0788a4cd-0468-4988-83db-e47ac8601268","id":"dbca59d8-7b86-539d-8ce7-d942750c7667","codename":"number_of_items"}]},{"id":"5aa3351a-93cd-564a-832f-bdce7358d58f","codename":"menu","last_modified":"2021-05-27T07:56:54.3302845Z","external_id":"7f75eb10-417d-44ec-aa5b-bb48bc27d0f6","name":"Menu","content_groups":[],"elements":[{"maximum_text_length":null,"name":"Label","guidelines":null,"is_required":false,"type":"text","external_id":"ca8a3b29-821d-4b46-bacd-9ea2cfb0b4d4","id":"21b7af7a-49ab-591f-9cc9-8c7cf4bd14ab","codename":"label"},{"item_count_limit":{"value":1,"condition":"at_least"},"allowed_content_types":[{"id":"779c1a4b-4aef-5ca4-b22e-f48565d2857e"}],"name":"Actions","guidelines":null,"is_required":false,"type":"modular_content","external_id":"8723d90a-2d29-4141-8ad5-999cb3185af5","id":"cfef3545-d818-5d1c-8c6e-56ef82c6f3dd","codename":"actions"}]},{"id":"84e5401f-fc98-533a-8983-99920d90d517","codename":"feature","last_modified":"2021-05-27T07:56:55.5838961Z","external_id":"9659d58b-25ad-4563-ad2e-0630ef40d88e","name":"Feature","content_groups":[],"elements":[{"maximum_text_length":null,"name":"Title","guidelines":null,"is_required":false,"type":"text","external_id":"8487ddd4-e1a3-4823-ae7e-d6d59a774dab","id":"b85c7df5-4d54-5487-a6bc-517e81c2ce16","codename":"title"},{"asset_count_limit":null,"maximum_file_size":null,"allowed_file_types":"any","image_width_limit":null,"image_height_limit":null,"name":"Image","guidelines":null,"is_required":false,"type":"asset","external_id":"093d47ec-b5b9-435f-a175-09b77de19051","id":"3a0c8d03-4513-5446-a663-562f262d018e","codename":"image"},{"maximum_text_length":null,"maximum_image_size":null,"allowed_content_types":[],"image_width_limit":null,"image_height_limit":null,"allowed_image_types":"any","allowed_blocks":["text","tables","images"],"allowed_formatting":[],"allowed_text_blocks":[],"allowed_table_blocks":[],"allowed_table_formatting":[],"allowed_table_text_blocks":[],"name":"Content","guidelines":null,"is_required":false,"type":"rich_text","external_id":"bf25c257-e4f2-4705-9609-a602c3fb3a58","id":"796a6c40-685a-5377-a0b3-8d92e8fd5045","codename":"content"},{"item_count_limit":null,"allowed_content_types":[{"id":"779c1a4b-4aef-5ca4-b22e-f48565d2857e"}],"name":"Actions","guidelines":null,"is_required":false,"type":"modular_content","external_id":"84904565-629c-47c9-bc9f-4caf7b25da7c","id":"68cea686-b4a7-5a4e-90e3-cca0992c116c","codename":"actions"}]},{"id":"970d424f-dc91-5735-b71b-83534a81e0cf","codename":"quote","last_modified":"2021-05-27T07:56:57.6850389Z","external_id":"5123ceac-51f4-45d4-b945-552fd729060b","name":"Quote","content_groups":[],"elements":[{"maximum_text_length":null,"name":"Quote text","guidelines":null,"is_required":false,"type":"text","external_id":"b05e1737-ff92-4b15-8620-9976e0cf7727","id":"4f9ce2ce-dbd0-5413-9103-14875dccf0e5","codename":"quote_text"}]},{"id":"9b830345-7d2e-5d9a-8f3d-e0edb89f9799","codename":"select_form_field_option","last_modified":"2021-05-27T07:56:55.2990389Z","external_id":"7cc8e1cf-4374-4b56-af71-7515725bc457","name":"Select Form Field Option","content_groups":[],"elements":[{"maximum_text_length":null,"name":"Label","guidelines":null,"is_required":false,"type":"text","external_id":"55d0e66b-1a00-4802-be95-7bca155c59fd","id":"85aa34e7-f8c7-503a-9007-956a7a5b9153","codename":"label"},{"maximum_text_length":null,"name":"Value","guidelines":null,"is_required":false,"type":"text","external_id":"1dc2fb45-606d-499e-a7d1-6b2cc8319e69","id":"a9edc03c-1fb3-5a36-a89e-8632c64954b7","codename":"value"}]},{"id":"805879b7-2b27-5af9-bd50-c9f32e06b9da","codename":"select_form_field","last_modified":"2021-05-27T07:56:55.8615607Z","external_id":"f9ae5e35-590f-4407-81cd-eb7e96524b3c","name":"Select Form Field","content_groups":[],"elements":[{"maximum_text_length":null,"name":"Label","guidelines":null,"is_required":false,"type":"text","external_id":"66ee6abc-7b56-4926-886b-258236906977","id":"19f82aa2-d3be-58c2-8e91-176d7a7d04d0","codename":"label"},{"maximum_text_length":null,"name":"Name","guidelines":null,"is_required":true,"type":"text","external_id":"722dc221-4b2a-4556-a7f7-d52aeaeff177","id":"93063591-a302-598f-bbc7-6e4b81359c7c","codename":"name"},{"item_count_limit":{"value":1,"condition":"at_least"},"allowed_content_types":[{"id":"9b830345-7d2e-5d9a-8f3d-e0edb89f9799"}],"name":"Options","guidelines":null,"is_required":false,"type":"modular_content","external_id":"ad965694-9627-49eb-a7a5-7939ab2e6d6c","id":"18b6d089-0faf-55de-89dd-fdf9cffaeebd","codename":"options"},{"maximum_text_length":null,"name":"Default Value","guidelines":null,"is_required":false,"type":"text","external_id":"e62ec7f1-b46f-4150-adbb-fae2147f5c18","id":"c6be13da-8ebd-563b-9358-146572124777","codename":"default_value"},{"mode":"multiple","options":[{"id":"25ab77cb-493d-552d-b8e2-52e0262e1069","codename":"required","name":"Required","external_id":"51bdb365-0aaa-464f-99d1-d48b8b3d7dd9"}],"name":"Configuration","guidelines":null,"is_required":false,"type":"multiple_choice","external_id":"80cbbaaf-ce38-4898-a2c8-987723201e72","id":"73015354-5d84-5b9f-a294-030c95908587","codename":"configuration"}]},{"id":"7b5e58e8-62e8-503b-b8ed-e4b4dd2396b4","codename":"landing_page","last_modified":"2021-05-27T07:56:56.822794Z","external_id":"b46ddae3-b558-47e4-b290-c9d6a9714422","name":"Landing page","content_groups":[{"id":"df7f8d4d-423e-5594-9158-df03d60f04a0","name":"Content","codename":"content","external_id":"5c794f14-b2aa-4294-98d2-9f827b752d29"}],"elements":[{"maximum_text_length":null,"name":"Title","guidelines":null,"is_required":false,"type":"text","external_id":"ae13c3e0-b65f-49b1-b910-fa4131aaf8aa","id":"32552c86-8371-52d9-b0cf-d0c18876c581","codename":"title","content_group":{"id":"df7f8d4d-423e-5594-9158-df03d60f04a0"}},{"item_count_limit":null,"allowed_content_types":[{"id":"6b4dbbe0-844b-58fe-ad2c-3956a6a4f266"},{"id":"ed9144e3-1f33-589b-b6f0-278cf8b3f01c"},{"id":"23606967-ecf8-50df-8311-80585d1771b5"},{"id":"09414e2c-1049-5484-9592-1f1ab1215b95"},{"id":"29cc4834-2794-5cb0-a5cb-e102c2026910"},{"id":"51cf2e08-2be9-5b6f-b699-fbb605063cfe"}],"name":"Sections","guidelines":null,"is_required":false,"type":"modular_content","external_id":"f1422351-0c46-4278-8a3a-20cc6252fe7e","id":"fbd83757-bbcc-544d-aa29-411b9a1e5864","codename":"sections","content_group":{"id":"df7f8d4d-423e-5594-9158-df03d60f04a0"}}]},{"id":"ad706e61-f1a3-56c6-b4cb-f672fe4b79ac","codename":"homepage","last_modified":"2021-05-27T07:56:57.9997076Z","external_id":"ebe2998d-9002-4256-b437-8f164d94fd8d","name":"Homepage","content_groups":[{"id":"098816b8-8945-519b-b799-009f3bc94064","name":"Sitemap","codename":"sitemap","external_id":"5c5f3b63-a87a-45be-8a51-b762921e2c0d"},{"id":"4c8f039d-55d2-5957-8c34-04573bc56dd4","name":"Layout","codename":"layout","external_id":"e0cdea76-280e-4b6a-ab01-d216aba63ccb"},{"id":"f054ca58-d65d-582c-b016-173da787da8e","name":"Configuration","codename":"configuration","external_id":"11cf2664-e1c6-41ee-9f37-2bb13ab5d3c5"},{"id":"18fbd4bb-2ea6-5ed2-af97-679fec288a3d","name":"SEO","codename":"seo","external_id":"6b4061a8-623f-46cd-ac68-2ddd752516c5"}],"elements":[{"item_count_limit":null,"allowed_content_types":[{"id":"590a4f68-c9ce-5ba3-9372-9583f69b4cb5"}],"name":"Subpages","guidelines":null,"is_required":false,"type":"modular_content","external_id":"eee6314e-4e0e-41c4-8c66-816e41e5871b","id":"cfeb285b-e9de-5c55-941b-045724e6d69d","codename":"subpages","content_group":{"id":"098816b8-8945-519b-b799-009f3bc94064"}},{"item_count_limit":{"value":1,"condition":"exactly"},"allowed_content_types":[{"id":"7b5e58e8-62e8-503b-b8ed-e4b4dd2396b4"},{"id":"de3568e8-0ee4-5019-a265-0f106ffeb4c5"}],"name":"Content","guidelines":null,"is_required":false,"type":"modular_content","external_id":"7d1acd40-e79e-4f24-b0fb-c33e6954f984","id":"5ed05514-8c62-559e-8d7c-c2b97525f09d","codename":"content","content_group":{"id":"098816b8-8945-519b-b799-009f3bc94064"}},{"maximum_text_length":null,"name":"Site prefix","guidelines":"Leave empty, if you don't want any site prefix","is_required":false,"type":"text","external_id":"8bc880d2-51d1-4ebe-b24b-8cda801c27a1","id":"e86fecab-9560-5164-95a1-d3b2466b3053","codename":"slug","content_group":{"id":"098816b8-8945-519b-b799-009f3bc94064"}},{"maximum_text_length":null,"name":"Label","guidelines":null,"is_required":true,"type":"text","external_id":"ac5abaeb-226d-45f3-ae2c-ae9f3776d3f5","id":"49254a0f-8727-5312-aec0-3b6e908b23e3","codename":"label","content_group":{"id":"4c8f039d-55d2-5957-8c34-04573bc56dd4"}},{"asset_count_limit":{"value":1,"condition":"at_most"},"maximum_file_size":null,"allowed_file_types":"any","image_width_limit":null,"image_height_limit":null,"name":"Header Logo","guidelines":null,"is_required":false,"type":"asset","external_id":"7815e582-cda3-4b9f-94cc-73df5ea09cac","id":"b92eca54-8866-5584-856c-c6f24cb0b2b3","codename":"header_logo","content_group":{"id":"4c8f039d-55d2-5957-8c34-04573bc56dd4"}},{"item_count_limit":{"value":1,"condition":"exactly"},"allowed_content_types":[{"id":"5aa3351a-93cd-564a-832f-bdce7358d58f"}],"name":"Main Menu","guidelines":null,"is_required":false,"type":"modular_content","external_id":"1b332fc1-be94-4a54-9b01-864a9f551be6","id":"502832d3-8747-5f1e-9f2a-58aff93855e2","codename":"main_menu","content_group":{"id":"4c8f039d-55d2-5957-8c34-04573bc56dd4"}},{"maximum_text_length":null,"maximum_image_size":null,"allowed_content_types":[],"image_width_limit":null,"image_height_limit":null,"allowed_image_types":"any","allowed_blocks":["text"],"allowed_formatting":[],"allowed_text_blocks":["paragraph"],"allowed_table_blocks":[],"allowed_table_formatting":[],"allowed_table_text_blocks":[],"name":"Copyright","guidelines":null,"is_required":false,"type":"rich_text","external_id":"382862fe-ad30-4df3-9a0f-00b80ce1e0f2","id":"60f5ea8f-0e59-5afa-a1b1-227f51798317","codename":"copyright","content_group":{"id":"4c8f039d-55d2-5957-8c34-04573bc56dd4"}},{"maximum_text_length":null,"name":"Title","guidelines":"Used as the global title prefix for the whole site.","is_required":false,"type":"text","external_id":"5f90f87f-c340-4021-a7ae-bdd77b2a26ab","id":"b0ab336c-ff19-544c-94c4-2c20cb2f50b9","codename":"title","content_group":{"id":"f054ca58-d65d-582c-b016-173da787da8e"}},{"mode":"single","options":[{"id":"09635205-4f94-5297-9904-3d84e90e9edb","codename":"system_sans","name":"System Sans","external_id":"8ba25c22-b26a-40fe-af29-7c841ad6ceea"},{"id":"731ff3de-b802-54bf-b07a-9f33a4c6c7d5","codename":"nunito_sans","name":"Nunito Sans","external_id":"aceae8c5-767c-44a5-851a-e17956a2100e"},{"id":"e946dfde-9995-5f46-8fe0-e7407ab516d9","codename":"fira_sans","name":"Fira Sans","external_id":"a3c8f43b-44df-459f-8230-d7933e107432"}],"name":"Font","guidelines":null,"is_required":true,"type":"multiple_choice","external_id":"a1bf9e45-5e11-42e4-aa2b-3293939986e0","id":"44ed0194-cc9e-5426-a353-60889093cfbc","codename":"font","content_group":{"id":"f054ca58-d65d-582c-b016-173da787da8e"}},{"asset_count_limit":{"value":1,"condition":"at_most"},"maximum_file_size":null,"allowed_file_types":"any","image_width_limit":null,"image_height_limit":null,"name":"Favicon","guidelines":null,"is_required":false,"type":"asset","external_id":"ee59ace7-40f9-4ab7-b67d-4c88bc6ae8f7","id":"73900b48-431a-509a-a56c-2bae71cef4a7","codename":"favicon","content_group":{"id":"f054ca58-d65d-582c-b016-173da787da8e"}},{"mode":"single","options":[{"id":"272bf713-9901-524f-bee5-7d54bf3c5c2a","codename":"default","name":"Default","external_id":"57416b37-094a-4e3e-8a1c-c5c4086bfc3f"},{"id":"2893c9e2-26f0-505e-a8be-c78b412632e9","codename":"blue","name":"Blue","external_id":"e5f994e9-c576-4b5a-8a83-c4c7b0e4866c"},{"id":"a39a7279-2285-51f8-8317-3e20ebbab155","codename":"cyan","name":"Cyan","external_id":"0f40b9e3-488b-4fdc-a398-2ac5c2610289"},{"id":"672ae3fa-0acb-5cd0-bb0d-dcde339c959a","codename":"green","name":"Green","external_id":"897992d7-1b9d-4d4e-b93e-d98eedd6b2a7"},{"id":"f6844694-f158-5f02-a3dd-af6be887fc4e","codename":"purple","name":"Purple","external_id":"6aa196c8-374d-4bfe-995d-c10c7022b01f"}],"name":"Palette","guidelines":null,"is_required":true,"type":"multiple_choice","external_id":"57dea6b0-351c-4f5a-a60f-fcf2d99b5389","id":"7e93cf70-67af-5e4f-9cd2-e25414474fef","codename":"palette","content_group":{"id":"f054ca58-d65d-582c-b016-173da787da8e"}},{"snippet":{"id":"c01fffce-ec30-5311-8a6d-52ad90934c1b"},"type":"snippet","external_id":"d2ab9e95-be28-4d1f-8825-eb420b875cba","id":"8f5240c2-b5df-563b-bddd-651caccc6964","codename":"seo","content_group":{"id":"18fbd4bb-2ea6-5ed2-af97-679fec288a3d"}}]},{"id":"ed9144e3-1f33-589b-b6f0-278cf8b3f01c","codename":"features_section","last_modified":"2021-05-27T07:56:56.4009455Z","external_id":"574d9807-5993-4e48-87c7-2c097c0f8eaa","name":"Features Section","content_groups":[],"elements":[{"maximum_text_length":null,"name":"Title","guidelines":null,"is_required":false,"type":"text","external_id":"e755a4ca-2c5e-44d6-a0ab-546c86cb1f59","id":"f421232d-2ee0-5983-affb-c209b01bd715","codename":"title"},{"maximum_text_length":null,"maximum_image_size":null,"allowed_content_types":[],"image_width_limit":null,"image_height_limit":null,"allowed_image_types":"any","allowed_blocks":["text","tables"],"allowed_formatting":[],"allowed_text_blocks":[],"allowed_table_blocks":["text"],"allowed_table_formatting":[],"allowed_table_text_blocks":[],"name":"Subtitle","guidelines":null,"is_required":false,"type":"rich_text","external_id":"3a1a16ca-2530-459e-ad50-df659b103a78","id":"78452f10-47da-56cc-8536-dd5c3e336480","codename":"subtitle"},{"item_count_limit":null,"allowed_content_types":[{"id":"84e5401f-fc98-533a-8983-99920d90d517"}],"name":"Features","guidelines":null,"is_required":false,"type":"modular_content","external_id":"ba26c175-7d53-4521-914b-893b860e42ea","id":"5e0fc53d-3759-5db8-93c6-a6860e990c1f","codename":"features"}]},{"id":"7d900e55-6f24-5afc-88c5-2627e861bc56","codename":"code_block","last_modified":"2021-05-27T07:56:55.4240154Z","external_id":"59a4d84e-e08c-479a-a938-c48a89b250f1","name":"Code block","content_groups":[],"elements":[{"maximum_text_length":null,"maximum_image_size":null,"allowed_content_types":[],"image_width_limit":null,"image_height_limit":null,"allowed_image_types":"any","allowed_blocks":["text"],"allowed_formatting":["code","unstyled"],"allowed_text_blocks":["paragraph"],"allowed_table_blocks":[],"allowed_table_formatting":[],"allowed_table_text_blocks":[],"name":"Code","guidelines":null,"is_required":false,"type":"rich_text","external_id":"b2c898a1-36bc-4bc4-bb0d-74d87928b62f","id":"a5909cb1-97d7-5011-ac87-f371f52fabd7","codename":"code"}]},{"id":"590a4f68-c9ce-5ba3-9372-9583f69b4cb5","codename":"navigation_item","last_modified":"2021-05-27T07:56:57.3071424Z","external_id":"594fe24f-9f5c-428f-81c4-fe80ec8edb76","name":"Navigation Item","content_groups":[{"id":"ea22e48f-faae-54ea-8e01-b4c5b889b1fe","name":"Main","codename":"main","external_id":"a45e9114-e26f-42a3-9384-550832a0634c"},{"id":"70368ab4-73d9-5be0-b2a1-c8700d2e4f2d","name":"SEO","codename":"seo","external_id":"df25fc08-94ae-41f7-982a-3b44401cdca7"}],"elements":[{"maximum_text_length":null,"name":"Label","guidelines":null,"is_required":true,"type":"text","external_id":"5d54cdc3-eec8-45c6-aa91-a5a3859dc9cd","id":"475e6474-5391-5154-8e62-8104c19b5c06","codename":"label","content_group":{"id":"ea22e48f-faae-54ea-8e01-b4c5b889b1fe"}},{"depends_on":{"element":{"id":"475e6474-5391-5154-8e62-8104c19b5c06"}},"name":"Slug","guidelines":null,"is_required":false,"type":"url_slug","external_id":"3b225dc1-d474-4fbe-a8de-6369fd42ac3f","id":"a66a5abc-3c37-5515-840c-382e125a9399","codename":"slug","content_group":{"id":"ea22e48f-faae-54ea-8e01-b4c5b889b1fe"}},{"item_count_limit":null,"allowed_content_types":[{"id":"590a4f68-c9ce-5ba3-9372-9583f69b4cb5"}],"name":"Subpages","guidelines":null,"is_required":false,"type":"modular_content","external_id":"ae2c1846-8943-4178-b87b-12642ea5b06b","id":"bfac61ac-59c4-5acf-913e-e46446443669","codename":"subpages","content_group":{"id":"ea22e48f-faae-54ea-8e01-b4c5b889b1fe"}},{"item_count_limit":{"value":1,"condition":"exactly"},"allowed_content_types":[{"id":"de3568e8-0ee4-5019-a265-0f106ffeb4c5"},{"id":"7b5e58e8-62e8-503b-b8ed-e4b4dd2396b4"},{"id":"14f16e57-1d1c-594a-8d20-e4dbf55bca6e"}],"name":"Content","guidelines":null,"is_required":false,"type":"modular_content","external_id":"17e71d79-af7a-42fc-a20f-5b926fc570cb","id":"1bac8f06-d041-5b78-b122-0364659a0d8b","codename":"content","content_group":{"id":"ea22e48f-faae-54ea-8e01-b4c5b889b1fe"}},{"snippet":{"id":"c01fffce-ec30-5311-8a6d-52ad90934c1b"},"type":"snippet","external_id":"1917cc12-ead6-449f-99f2-19600e641295","id":"75d21bd2-32b0-5013-8679-b0f1fbbe90f8","codename":"seo","content_group":{"id":"70368ab4-73d9-5be0-b2a1-c8700d2e4f2d"}}]},{"id":"1537fce3-0d26-5fe7-afe6-0b38e5ec84d9","codename":"author","last_modified":"2021-05-27T07:56:54.958771Z","external_id":"1fd3c002-ca03-41ce-b0c9-20a61cd2ade1","name":"Author","content_groups":[],"elements":[{"maximum_text_length":null,"name":"First Name","guidelines":null,"is_required":false,"type":"text","external_id":"3c236f1d-2554-46fe-a1ce-2d513731989b","id":"469c1855-e317-50a2-8b02-b8af7bc962c0","codename":"first_name"},{"maximum_text_length":null,"name":"Last Name","guidelines":null,"is_required":false,"type":"text","external_id":"04b1096b-f0d1-41b6-bbe9-9856747c5506","id":"7ea6e3ba-07af-54f9-8992-5b12009f9f76","codename":"last_name"},{"maximum_text_length":null,"name":"Bio","guidelines":null,"is_required":false,"type":"text","external_id":"431a77d4-5a06-4331-8835-db72ad96b1dd","id":"3d313bde-94e6-5b60-8fcd-d14bb256883f","codename":"bio"},{"asset_count_limit":null,"maximum_file_size":null,"allowed_file_types":"any","image_width_limit":null,"image_height_limit":null,"name":"Photo","guidelines":null,"is_required":false,"type":"asset","external_id":"b850a6d6-fd5c-4b51-b4d8-86f665261cbf","id":"205923e5-7733-50ba-8a47-2d3d6fff57f4","codename":"photo"}]},{"id":"085c8849-5307-448c-b00b-352d3513c777","codename":"largetest","last_modified":"2021-07-07T09:08:34.0390236Z","name":"LargeTest","content_groups":[],"elements":[{"maximum_text_length":null,"maximum_image_size":null,"allowed_content_types":[],"image_width_limit":null,"image_height_limit":null,"allowed_image_types":"any","allowed_blocks":[],"allowed_formatting":[],"allowed_text_blocks":[],"allowed_table_blocks":[],"allowed_table_formatting":[],"allowed_table_text_blocks":[],"name":"Untitled rich text","guidelines":null,"is_required":false,"type":"rich_text","id":"3da5fb1c-f172-4802-9119-6213cdaba180","codename":"untitled_rich_text"}]},{"id":"6bb39a42-1878-5da4-bf0c-71c564af26cf","codename":"form","last_modified":"2021-05-27T07:56:56.9790453Z","external_id":"d1d5627b-15fa-4399-8d93-500e3ec18b39","name":"Form","content_groups":[{"id":"5d5bd128-3bfb-5ff2-bcbb-aa8cb6e09580","name":"Content","codename":"content","external_id":"17979b6c-4b1d-45f7-bde8-e50b113d1c44"},{"id":"e3e737a1-3d18-5c0d-9f85-1f5dbb0475e8","name":"Metadata","codename":"metadata","external_id":"74907c88-8ab0-4a66-998b-cc5086350ac7"}],"elements":[{"maximum_text_length":null,"name":"Title","guidelines":null,"is_required":false,"type":"text","external_id":"801b5a7c-8496-4c66-b0ba-271b659c2d39","id":"edb05332-1586-508d-bb99-88e266b426ac","codename":"title","content_group":{"id":"5d5bd128-3bfb-5ff2-bcbb-aa8cb6e09580"}},{"maximum_text_length":null,"name":"Content","guidelines":null,"is_required":false,"type":"text","external_id":"5b329643-b051-4c15-a890-d5c1ab946bb9","id":"10a29f7c-01b7-5d28-973e-6d5ac8ae021e","codename":"content","content_group":{"id":"5d5bd128-3bfb-5ff2-bcbb-aa8cb6e09580"}},{"item_count_limit":{"value":1,"condition":"at_least"},"allowed_content_types":[{"id":"5039f26f-d0bb-5753-ac4b-3b141d64e745"},{"id":"805879b7-2b27-5af9-bd50-c9f32e06b9da"}],"name":"Fields","guidelines":null,"is_required":true,"type":"modular_content","external_id":"0b5c8987-5f5a-41e8-a196-7df587737e9a","id":"847137d9-0b3f-54ff-849b-2f7369621841","codename":"fields","content_group":{"id":"5d5bd128-3bfb-5ff2-bcbb-aa8cb6e09580"}},{"maximum_text_length":null,"name":"Submit Label","guidelines":null,"is_required":true,"type":"text","external_id":"12455fbe-06c4-4b1c-bdb5-8c804b76fcf3","id":"f12ea214-e2cd-5bd5-b880-cdfba674f8c1","codename":"submit_label","content_group":{"id":"5d5bd128-3bfb-5ff2-bcbb-aa8cb6e09580"}},{"maximum_text_length":null,"name":"Form ID","guidelines":null,"is_required":true,"type":"text","external_id":"399d4a95-7c73-41c7-91f2-aa5e6e55c2a1","id":"4b679a20-6245-543d-878f-9a29fab527f2","codename":"form_id","content_group":{"id":"e3e737a1-3d18-5c0d-9f85-1f5dbb0475e8"}},{"maximum_text_length":null,"name":"Form Action","guidelines":null,"is_required":false,"type":"text","external_id":"03f31984-d8f2-4984-a238-423f5abc8967","id":"76bf0df7-0d9d-578c-b11a-af55f26123fd","codename":"form_action","content_group":{"id":"e3e737a1-3d18-5c0d-9f85-1f5dbb0475e8"}}]},{"id":"09414e2c-1049-5484-9592-1f1ab1215b95","codename":"hero_section","last_modified":"2021-06-03T14:43:39.8183683Z","external_id":"41a9600d-f51d-41c2-a7a5-4a113ae6d362","name":"Hero Section","content_groups":[],"elements":[{"maximum_text_length":null,"name":"Title","guidelines":null,"is_required":false,"type":"text","external_id":"73e31b75-c9c0-4116-886c-1c2fc3b7d999","id":"38548cdc-0650-5a60-a38e-93636119da4c","codename":"title"},{"asset_count_limit":null,"maximum_file_size":null,"allowed_file_types":"any","image_width_limit":null,"image_height_limit":null,"name":"Image","guidelines":null,"is_required":false,"type":"asset","external_id":"fe668722-610e-4bfc-9109-f1f5b1bd9016","id":"c30a0325-7fbc-5b5a-9b3a-352e99468ea6","codename":"image"},{"maximum_text_length":null,"maximum_image_size":null,"allowed_content_types":[],"image_width_limit":null,"image_height_limit":null,"allowed_image_types":"any","allowed_blocks":[],"allowed_formatting":[],"allowed_text_blocks":[],"allowed_table_blocks":[],"allowed_table_formatting":[],"allowed_table_text_blocks":[],"name":"Content","guidelines":null,"is_required":false,"type":"rich_text","id":"677803d1-ca61-4359-8392-b2d91e0eac6c","codename":"content"},{"item_count_limit":null,"allowed_content_types":[{"id":"779c1a4b-4aef-5ca4-b22e-f48565d2857e"}],"name":"Actions","guidelines":null,"is_required":false,"type":"modular_content","external_id":"566c839c-18d9-4f11-bdba-6acf4d04874c","id":"eff6cf1f-be11-5a59-8c1a-efd21879915c","codename":"actions"}]},{"id":"de3568e8-0ee4-5019-a265-0f106ffeb4c5","codename":"simple_page","last_modified":"2021-05-27T07:56:58.4321669Z","external_id":"b9ade902-7204-4456-b337-6f2954f3fe5c","name":"Simple page","content_groups":[{"id":"4c08ea13-49a7-5fc8-80ae-26826d2db890","name":"Content","codename":"content","external_id":"98b75756-71de-4a4d-8c0b-56b153ae0707"}],"elements":[{"maximum_text_length":null,"name":"Title","guidelines":null,"is_required":false,"type":"text","external_id":"2c371b38-5178-4a61-9439-ce454f7610ae","id":"8bc316d1-0407-58cb-8ea3-bb7f5ff809ef","codename":"title","content_group":{"id":"4c08ea13-49a7-5fc8-80ae-26826d2db890"}},{"maximum_text_length":null,"name":"Subtitle","guidelines":null,"is_required":false,"type":"text","external_id":"919bedf4-9258-486f-9fa8-69fa880d33a5","id":"4c20612f-59cc-5d99-a715-0b884d43a1a8","codename":"subtitle","content_group":{"id":"4c08ea13-49a7-5fc8-80ae-26826d2db890"}},{"asset_count_limit":{"value":1,"condition":"at_most"},"maximum_file_size":null,"allowed_file_types":"any","image_width_limit":null,"image_height_limit":null,"name":"Image","guidelines":null,"is_required":false,"type":"asset","external_id":"b9a507de-2713-476f-bfc3-afe301596468","id":"89f1bbd3-d315-55aa-8313-e9d3aa4ed9fc","codename":"image","content_group":{"id":"4c08ea13-49a7-5fc8-80ae-26826d2db890"}},{"maximum_text_length":null,"maximum_image_size":null,"allowed_content_types":[],"image_width_limit":null,"image_height_limit":null,"allowed_image_types":"any","allowed_blocks":[],"allowed_formatting":[],"allowed_text_blocks":[],"allowed_table_blocks":[],"allowed_table_formatting":[],"allowed_table_text_blocks":[],"name":"Content","guidelines":null,"is_required":false,"type":"rich_text","external_id":"8b2d7ece-4a93-4e7a-a910-268a0fe96f28","id":"aceee050-0366-57d6-ab47-b88dc6304dcb","codename":"content","content_group":{"id":"4c08ea13-49a7-5fc8-80ae-26826d2db890"}}]},{"id":"29a88b30-e2e7-5b5f-9a5c-4114ba52c221","codename":"post","last_modified":"2021-06-03T14:44:07.6240877Z","external_id":"58a13143-7137-46d6-91b1-dac4fae475da","name":"Post","content_groups":[{"id":"b343ca4e-2595-5f5a-a00c-c61e466c8415","name":"Content","codename":"content"},{"id":"2fa0a3cf-adec-535e-95a6-31924422227b","name":"Metadata","codename":"metadata"}],"elements":[{"guidelines":null,"taxonomy_group":{"id":"3650f9e5-f839-445e-a15f-f3bf48bf14d3"},"is_required":false,"term_count_limit":null,"type":"taxonomy","id":"6012de5d-7d51-488f-bd1b-f9f762120bc3","codename":"persona","content_group":{"id":"b343ca4e-2595-5f5a-a00c-c61e466c8415"}},{"maximum_text_length":null,"name":"Title","guidelines":null,"is_required":false,"type":"text","external_id":"9b3cf575-e675-4c8f-b162-f370e1d40144","id":"d80e28af-2b93-5975-864e-ba4e6bc91aa8","codename":"title","content_group":{"id":"b343ca4e-2595-5f5a-a00c-c61e466c8415"}},{"depends_on":{"element":{"id":"d80e28af-2b93-5975-864e-ba4e6bc91aa8"}},"name":"Slug","guidelines":null,"is_required":false,"type":"url_slug","external_id":"30e1f822-1aea-43f8-8306-4c4d3f4c44c1","id":"b124a619-dfc5-5708-bb5c-606042c1eacf","codename":"slug","content_group":{"id":"b343ca4e-2595-5f5a-a00c-c61e466c8415"}},{"maximum_text_length":null,"name":"Subtitle","guidelines":null,"is_required":false,"type":"text","external_id":"03d21eb8-0c3c-4605-8e76-53da6ef9b59d","id":"26189bfc-166a-503b-85c7-3a06ae964a42","codename":"subtitle","content_group":{"id":"b343ca4e-2595-5f5a-a00c-c61e466c8415"}},{"maximum_text_length":null,"name":"Excerpt","guidelines":null,"is_required":false,"type":"text","external_id":"8324da9f-a3e1-4cdd-a27b-b0788d5ad4d1","id":"789980fb-dfe1-56d6-b995-1de5f76f6f74","codename":"excerpt","content_group":{"id":"b343ca4e-2595-5f5a-a00c-c61e466c8415"}},{"asset_count_limit":{"value":1,"condition":"at_most"},"maximum_file_size":null,"allowed_file_types":"any","image_width_limit":null,"image_height_limit":null,"name":"Image","guidelines":null,"is_required":false,"type":"asset","external_id":"a88d2368-b185-4a48-8443-37031865de5f","id":"a8b2f0c9-e1c6-5ee2-b04d-a12c9ec498bc","codename":"image","content_group":{"id":"b343ca4e-2595-5f5a-a00c-c61e466c8415"}},{"maximum_text_length":null,"maximum_image_size":null,"allowed_content_types":[],"image_width_limit":null,"image_height_limit":null,"allowed_image_types":"any","allowed_blocks":[],"allowed_formatting":[],"allowed_text_blocks":[],"allowed_table_blocks":[],"allowed_table_formatting":[],"allowed_table_text_blocks":[],"name":"Content","guidelines":null,"is_required":false,"type":"rich_text","external_id":"4285722f-a034-4f14-a031-06887b4977e1","id":"ab1ff488-66a9-5351-9e12-d1a9276ef19e","codename":"content","content_group":{"id":"b343ca4e-2595-5f5a-a00c-c61e466c8415"}},{"name":"Publishing Date","guidelines":null,"is_required":false,"type":"date_time","external_id":"3dae45d1-8ef9-4765-872d-e24e2d9bacf9","id":"0ca8b2f6-d0c8-5166-a8ee-893e19bd3e95","codename":"publishing_date","content_group":{"id":"2fa0a3cf-adec-535e-95a6-31924422227b"}},{"item_count_limit":{"value":1,"condition":"exactly"},"allowed_content_types":[{"id":"1537fce3-0d26-5fe7-afe6-0b38e5ec84d9"}],"name":"Author","guidelines":null,"is_required":true,"type":"modular_content","external_id":"6ddb6fad-4c37-4285-ad4c-03a7b69e0872","id":"4795518a-dae2-552a-9768-4bbc904b37f8","codename":"author","content_group":{"id":"2fa0a3cf-adec-535e-95a6-31924422227b"}},{"snippet":{"id":"c01fffce-ec30-5311-8a6d-52ad90934c1b"},"type":"snippet","external_id":"b5193a0e-38cf-4265-85e5-71ad6256be6a","id":"bafe2b66-9b88-5a13-94c0-038090f5beae","codename":"seo","content_group":{"id":"2fa0a3cf-adec-535e-95a6-31924422227b"}}]},{"id":"9bbfe268-256e-5bf2-a946-4d4abaa0ba67","codename":"external_url","last_modified":"2021-05-27T07:56:56.5259008Z","external_id":"89a4352c-2092-412b-8d95-f1f81242d1f1","name":"External URL","content_groups":[],"elements":[{"maximum_text_length":null,"name":"URL","guidelines":null,"is_required":false,"type":"text","external_id":"73d5ae65-f61d-485f-9c09-62cf5a0eb052","id":"da9ae3c5-a2aa-5b08-b2bd-53b5d5cc03ee","codename":"url"}]},{"id":"02f166c1-00eb-54c0-b7da-7ee50283d007","codename":"icon","last_modified":"2021-05-27T07:56:56.6990123Z","external_id":"70ea94d5-fb69-40d2-be51-414f50bebd5f","name":"Icon","content_groups":[],"elements":[{"mode":"single","options":[{"id":"a34cb2c3-fe84-5711-85ee-29ffaeaceb09","codename":"arrow_left","name":"arrow-left","external_id":"ce3d2865-95e5-4772-a51f-c2e72d45b07a"},{"id":"a0c1c734-dca4-5941-8adc-1c9057ee7637","codename":"arrow_right","name":"arrow-right","external_id":"a33cf357-35b7-4f90-925d-389280ed165c"},{"id":"0f27f6c3-710e-55ca-b4cc-e253e91bf80a","codename":"envelope","name":"envelope","external_id":"52324d84-9794-4c83-9cc3-be39f29e15bb"},{"id":"393a5bf1-1040-5a94-9be7-a889a75cf2ac","codename":"facebook","name":"facebook","external_id":"447e9470-ab05-4df1-bd07-ed566e74ecfa"},{"id":"1cece5f1-498f-5242-a6ab-db4023af2bfd","codename":"github","name":"github","external_id":"4d4b966b-fbf3-402c-9b8c-ad04ef58e615"},{"id":"7b3cb7ee-217e-55fd-b63a-cf696681ec6d","codename":"instagram","name":"instagram","external_id":"e9b49a59-5b46-451a-ba08-4a6e515e62e6"},{"id":"fe456e6b-687e-51c8-ad90-1390ecb25e96","codename":"linkedin","name":"linkedin","external_id":"6085a484-7de4-419f-82f6-3b20faf2cf63"},{"id":"82e27077-396e-5a24-9f91-e33a4fed34b1","codename":"twitter","name":"twitter","external_id":"2e06c97d-5fae-4d8d-973d-461280154359"},{"id":"fb2844ec-0dac-55fd-81f3-9b7bd8a94324","codename":"youtube","name":"youtube","external_id":"b851b6e9-802c-4714-b9c9-2ef121597373"}],"name":"Icon","guidelines":null,"is_required":false,"type":"multiple_choice","external_id":"46764be9-8440-4f26-acec-f1997589b7b1","id":"8b400a71-d80b-530f-8822-6afc21cb4fde","codename":"icon"},{"mode":"single","options":[{"id":"84a7454e-0413-5161-82c5-3c811bc1586c","codename":"left","name":"Left","external_id":"e14bd018-3a37-4475-a695-cf34f4e73fc6"},{"id":"923e25b8-471e-568e-9fe1-fe61146bc5e5","codename":"right","name":"Right","external_id":"bef2277a-b21b-4413-9920-ad16df0ecb3d"}],"name":"Icon Position","guidelines":null,"is_required":true,"type":"multiple_choice","external_id":"49c7efd5-78bd-4a56-a147-e5529673656c","id":"150cbd83-03e3-5891-a54c-4d207f512937","codename":"icon_position"}]},{"id":"29cc4834-2794-5cb0-a5cb-e102c2026910","codename":"content_section","last_modified":"2021-05-27T07:56:54.1896686Z","external_id":"e4cd140c-60c6-4405-803a-09304dd4b28d","name":"Content Section","content_groups":[],"elements":[{"maximum_text_length":null,"name":"Title","guidelines":null,"is_required":false,"type":"text","external_id":"185e77e2-dbdd-43ac-a608-63a145f8c9ec","id":"a8521fda-dd18-599a-abc8-6ad448fab7c2","codename":"title"},{"asset_count_limit":null,"maximum_file_size":null,"allowed_file_types":"any","image_width_limit":null,"image_height_limit":null,"name":"Image","guidelines":null,"is_required":false,"type":"asset","external_id":"8a150829-03ba-4bbf-90a4-e3055ac558b1","id":"f17e7317-b935-55cb-8c5f-f0ab2fc581b0","codename":"image"},{"maximum_text_length":null,"maximum_image_size":null,"allowed_content_types":[],"image_width_limit":null,"image_height_limit":null,"allowed_image_types":"any","allowed_blocks":[],"allowed_formatting":[],"allowed_text_blocks":[],"allowed_table_blocks":[],"allowed_table_formatting":[],"allowed_table_text_blocks":[],"name":"Content","guidelines":null,"is_required":false,"type":"rich_text","external_id":"e1591e50-a8e8-46db-8627-801738407113","id":"eb93a53a-c3b4-538b-8a12-1ad2476f1c78","codename":"content"},{"item_count_limit":null,"allowed_content_types":[{"id":"779c1a4b-4aef-5ca4-b22e-f48565d2857e"}],"name":"Actions","guidelines":null,"is_required":false,"type":"modular_content","external_id":"f95b5180-9160-4396-b2f0-469e48bd0da2","id":"ba02a582-9362-5598-a381-1d1ccdb006d2","codename":"actions"}]},{"id":"5039f26f-d0bb-5753-ac4b-3b141d64e745","codename":"base_form_field","last_modified":"2021-05-27T07:56:57.8227939Z","external_id":"fddf6f89-7646-4752-875c-4fefc8743824","name":"Base Form Field","content_groups":[],"elements":[{"maximum_text_length":null,"name":"Label","guidelines":null,"is_required":false,"type":"text","external_id":"6ca305bf-54f5-4209-b1fa-3e3f2369d7c6","id":"9705efa7-b87d-56fb-b53e-cc6a1f98bd00","codename":"label"},{"maximum_text_length":null,"name":"Name","guidelines":null,"is_required":true,"type":"text","external_id":"b0bf611c-ddc1-4f18-913f-3349cf21c184","id":"6def700d-0e9a-5c88-a5c3-efc41b0fc134","codename":"name"},{"mode":"single","options":[{"id":"0cd528e1-6ebc-5b18-b70a-af109ce14065","codename":"text","name":"text","external_id":"82532d58-e898-42f3-8c9f-fc8aaf004fd6"},{"id":"3f3d39be-3972-54a3-a428-308adffced5e","codename":"email","name":"email","external_id":"33246105-a3cc-404a-9670-db545e4afc59"},{"id":"c47cd50b-19b8-5c46-89a2-3ebecb9fbea7","codename":"checkbox","name":"checkbox","external_id":"792e8346-8d90-4572-9e75-4bb692bbabb5"},{"id":"edd404e9-05fb-5d7d-ac9b-926cdf8b5e94","codename":"tel","name":"tel","external_id":"b2bb3180-bde2-4290-83cc-f9b8c53c9709"},{"id":"3e8f87f8-7c83-5310-8d85-82706b1c6893","codename":"textarea","name":"textarea","external_id":"80a1ceb7-20b4-4cab-af0b-a072e65d3e70"}],"name":"Type","guidelines":"Input types: https://www.w3schools.com/html/html_form_input_types.asp","is_required":true,"type":"multiple_choice","external_id":"0ae047be-b843-4e6c-b573-9229e749e8bf","id":"ab8561bc-03bd-5600-b438-dd48f4e6bbe3","codename":"type"},{"maximum_text_length":null,"name":"Default Value","guidelines":null,"is_required":false,"type":"text","external_id":"982af13e-0401-46a3-9fa9-17ea50c81f3b","id":"18d2750b-38c2-584c-85cd-119a156c2bdc","codename":"default_value"},{"mode":"multiple","options":[{"id":"07c2d654-8959-596a-815d-c752c1250060","codename":"required","name":"Required","external_id":"520800ff-5f3d-4132-81ab-198fe7409605"}],"name":"Configuration","guidelines":null,"is_required":false,"type":"multiple_choice","external_id":"927038be-b6be-424c-ad17-e218965dd65e","id":"5e073c18-8ed7-592d-a07c-21b29a343c6b","codename":"configuration"}]}]