[{"id":"c01fffce-ec30-5311-8a6d-52ad90934c1b","codename":"seo","last_modified":"2021-05-27T07:56:54.0177879Z","external_id":"cd4f247c-c04c-4336-8ddb-8760cf53dd0b","name":"SEO","elements":[{"maximum_text_length":null,"name":"Title","guidelines":null,"is_required":false,"type":"text","external_id":"28610917-4e68-48ef-9a7d-012f286325c7","id":"9ca3abe2-e63e-5f9c-925b-79a95eb23525","codename":"seo__title"},{"maximum_text_length":{"value":160,"applies_to":"characters"},"name":"Description","guidelines":null,"is_required":false,"type":"text","external_id":"a50872bb-2bf5-4b45-8cd7-caff7d4a66fa","id":"3072a2d9-3e2c-59e6-bf81-85d9bc696a50","codename":"seo__description"},{"maximum_text_length":null,"name":"Keywords","guidelines":null,"is_required":false,"type":"text","external_id":"f2b4c652-7248-4a31-8d2c-4e485a1dfe39","id":"94c37747-eb31-5521-b6c6-69813bca4ab1","codename":"seo__keywords"},{"maximum_text_length":null,"name":"Canonical URL","guidelines":null,"is_required":false,"type":"text","external_id":"d7ee1702-d35d-4c51-a179-c8b26c87b467","id":"440da44d-add4-58e0-89dc-422779bf5fb4","codename":"seo__canonical_url"},{"mode":"multiple","options":[{"id":"d6efd15c-3a13-5ad5-af83-1ba3b7876336","codename":"no_index","name":"No Index","external_id":"38d1a7cd-3265-4d76-8f10-69eb091db944"}],"name":"Options","guidelines":null,"is_required":false,"type":"multiple_choice","external_id":"81b73859-a544-4eb9-9468-2d93e423c9f9","id":"40c147cd-ba16-5ff1-beed-0228c3dc0494","codename":"seo__options"}]}]