[{"id":"0d238743-a702-47f6-9c35-29e156cb91a9","name":"Homepage","codename":"homepage","type":{"id":"ad706e61-f1a3-56c6-b4cb-f672fe4b79ac"},"collection":{"id":"00000000-0000-0000-0000-000000000000"},"sitemap_locations":[],"last_modified":"2021-05-27T07:57:55.3000056Z"},{"id":"4f31f951-b22e-4633-90f6-563297cc7831","name":"LinkedIn Left","codename":"linkedin_left","type":{"id":"02f166c1-00eb-54c0-b7da-7ee50283d007"},"collection":{"id":"00000000-0000-0000-0000-000000000000"},"sitemap_locations":[],"last_modified":"2021-05-27T07:57:55.5031385Z"},{"id":"a8a70f80-4a2f-4fbb-9359-4790bddd6dce","name":"GitHub Right","codename":"github_right","type":{"id":"02f166c1-00eb-54c0-b7da-7ee50283d007"},"collection":{"id":"00000000-0000-0000-0000-000000000000"},"sitemap_locations":[],"last_modified":"2021-05-27T07:57:55.7218373Z"},{"id":"a17146dc-a1ba-4b59-a578-9012531041e3","name":"Twitter Left","codename":"twitter_left","type":{"id":"02f166c1-00eb-54c0-b7da-7ee50283d007"},"collection":{"id":"00000000-0000-0000-0000-000000000000"},"sitemap_locations":[],"last_modified":"2021-05-27T07:57:55.9249694Z"},{"id":"01b47ee5-e0c0-4113-9c31-6e282d18074e","name":"Subscribe Form","codename":"subscribe_form","type":{"id":"6bb39a42-1878-5da4-bf0c-71c564af26cf"},"collection":{"id":"00000000-0000-0000-0000-000000000000"},"sitemap_locations":[],"last_modified":"2021-05-27T07:57:56.1125146Z"},{"id":"64a6308e-00c6-4e20-b195-744702541a9e","name":"Required Email Field","codename":"required_email_field","type":{"id":"5039f26f-d0bb-5753-ac4b-3b141d64e745"},"collection":{"id":"00000000-0000-0000-0000-000000000000"},"sitemap_locations":[],"last_modified":"2021-05-27T07:57:56.299962Z"},{"id":"27bd6330-e3fa-495f-9e3a-aaf42812a8d4","name":"About Us","codename":"about_us","type":{"id":"de3568e8-0ee4-5019-a265-0f106ffeb4c5"},"collection":{"id":"00000000-0000-0000-0000-000000000000"},"sitemap_locations":[],"last_modified":"2021-05-27T07:57:56.4718685Z"},{"id":"8bdc4f8f-989c-48d0-a4cd-fa5e77406e42","name":"Contact","codename":"contact","type":{"id":"7b5e58e8-62e8-503b-b8ed-e4b4dd2396b4"},"collection":{"id":"00000000-0000-0000-0000-000000000000"},"sitemap_locations":[],"last_modified":"2021-05-27T07:57:56.6749904Z"},{"id":"d0209a3b-3bf5-4f90-90e6-7e4b15860225","name":"Contact","codename":"contact_6f1134d","type":{"id":"23606967-ecf8-50df-8311-80585d1771b5"},"collection":{"id":"00000000-0000-0000-0000-000000000000"},"sitemap_locations":[],"last_modified":"2021-05-27T07:57:56.8472318Z"},{"id":"a226f671-f859-49b6-b42c-7b6f4d29f3f8","name":"Contact Form","codename":"contact_form","type":{"id":"6bb39a42-1878-5da4-bf0c-71c564af26cf"},"collection":{"id":"00000000-0000-0000-0000-000000000000"},"sitemap_locations":[],"last_modified":"2021-05-27T07:57:57.0382401Z"},{"id":"d5c15b20-8781-4f3f-9d14-f50461527701","name":"Required Name Field","codename":"required_name_field","type":{"id":"5039f26f-d0bb-5753-ac4b-3b141d64e745"},"collection":{"id":"00000000-0000-0000-0000-000000000000"},"sitemap_locations":[],"last_modified":"2021-05-27T07:57:57.2687312Z"},{"id":"0e86c0bc-45e0-4891-9854-005b58bdf2c3","name":"Error on the site","codename":"error_on_the_site","type":{"id":"9b830345-7d2e-5d9a-8f3d-e0edb89f9799"},"collection":{"id":"00000000-0000-0000-0000-000000000000"},"sitemap_locations":[],"last_modified":"2021-05-27T07:57:57.4249531Z"},{"id":"c653ea67-f67f-466f-94a5-b08db995add9","name":"Sponsorship","codename":"sponsorship","type":{"id":"9b830345-7d2e-5d9a-8f3d-e0edb89f9799"},"collection":{"id":"00000000-0000-0000-0000-000000000000"},"sitemap_locations":[],"last_modified":"2021-05-27T07:57:57.6749509Z"},{"id":"974686b0-6e6c-488d-a091-b9d61d3e6f07","name":"Subject","codename":"subject","type":{"id":"805879b7-2b27-5af9-bd50-c9f32e06b9da"},"collection":{"id":"00000000-0000-0000-0000-000000000000"},"sitemap_locations":[],"last_modified":"2021-05-27T07:57:57.8781318Z"},{"id":"b5034b21-1119-462b-a23f-b031d66c6925","name":"Other","codename":"other","type":{"id":"9b830345-7d2e-5d9a-8f3d-e0edb89f9799"},"collection":{"id":"00000000-0000-0000-0000-000000000000"},"sitemap_locations":[],"last_modified":"2021-05-27T07:57:58.0499989Z"},{"id":"99e46585-966b-459b-9ecd-a9cb148b7279","name":"Message text area","codename":"message_text_area","type":{"id":"5039f26f-d0bb-5753-ac4b-3b141d64e745"},"collection":{"id":"00000000-0000-0000-0000-000000000000"},"sitemap_locations":[],"last_modified":"2021-05-27T07:57:58.2374741Z"},{"id":"3825b7cf-6245-4bc2-adf9-8c13b7700f60","name":"Consent Checkbox","codename":"consent_checkbox","type":{"id":"5039f26f-d0bb-5753-ac4b-3b141d64e745"},"collection":{"id":"00000000-0000-0000-0000-000000000000"},"sitemap_locations":[],"last_modified":"2021-05-27T07:57:58.3781321Z"},{"id":"0bc41e73-6716-4ee5-ad4e-c90de1d20d85","name":"Features","codename":"features","type":{"id":"7b5e58e8-62e8-503b-b8ed-e4b4dd2396b4"},"collection":{"id":"00000000-0000-0000-0000-000000000000"},"sitemap_locations":[],"last_modified":"2021-05-27T07:57:58.5499739Z"},{"id":"c8184382-f718-4057-906f-b7c95bab4a5e","name":"Request Demo","codename":"view_demo","type":{"id":"779c1a4b-4aef-5ca4-b22e-f48565d2857e"},"collection":{"id":"00000000-0000-0000-0000-000000000000"},"sitemap_locations":[],"last_modified":"2021-05-27T07:57:58.7374465Z"},{"id":"beaa212f-f69c-4879-b2ff-e3bbfa70825a","name":"Get started CTA","codename":"this_is_call_to_action_block_","type":{"id":"6b4dbbe0-844b-58fe-ad2c-3956a6a4f266"},"collection":{"id":"00000000-0000-0000-0000-000000000000"},"sitemap_locations":[],"last_modified":"2021-05-27T07:57:58.9405938Z"},{"id":"947cd750-3a99-4e78-90ae-e19e92a3778d","name":"Get Started - secondary","codename":"get_started","type":{"id":"779c1a4b-4aef-5ca4-b22e-f48565d2857e"},"collection":{"id":"00000000-0000-0000-0000-000000000000"},"sitemap_locations":[],"last_modified":"2021-05-27T07:57:59.0968446Z"},{"id":"5a8d9fb1-250b-4216-bc3c-b20cd78d3d0d","name":"Style Guide","codename":"style_guide","type":{"id":"de3568e8-0ee4-5019-a265-0f106ffeb4c5"},"collection":{"id":"00000000-0000-0000-0000-000000000000"},"sitemap_locations":[],"last_modified":"2021-05-27T07:57:59.2374522Z"},{"id":"ff488686-f5ac-4fdc-ad8b-2798948df132","name":"Features","codename":"features_e0a053c","type":{"id":"590a4f68-c9ce-5ba3-9372-9583f69b4cb5"},"collection":{"id":"00000000-0000-0000-0000-000000000000"},"sitemap_locations":[],"last_modified":"2021-05-27T07:57:59.4251978Z"},{"id":"47d1ca8f-346c-4be3-b7ea-354e4b054fcf","name":"Style Guide","codename":"style_guide_ce0f7d5","type":{"id":"590a4f68-c9ce-5ba3-9372-9583f69b4cb5"},"collection":{"id":"00000000-0000-0000-0000-000000000000"},"sitemap_locations":[],"last_modified":"2021-05-27T07:57:59.7233572Z"},{"id":"29136f1b-27d0-4e38-a6da-d8f1a9512ab9","name":"About Us","codename":"about_us_e2a3843","type":{"id":"590a4f68-c9ce-5ba3-9372-9583f69b4cb5"},"collection":{"id":"00000000-0000-0000-0000-000000000000"},"sitemap_locations":[],"last_modified":"2021-05-27T07:57:59.8810827Z"},{"id":"e6d3c587-106d-4a62-a58e-217a1d2b78c8","name":"Blog","codename":"blog","type":{"id":"590a4f68-c9ce-5ba3-9372-9583f69b4cb5"},"collection":{"id":"00000000-0000-0000-0000-000000000000"},"sitemap_locations":[],"last_modified":"2021-05-27T07:58:00.0499712Z"},{"id":"48fb3281-c8ec-467a-8833-ecc8d8261460","name":"Blog","codename":"blog_cf72cdb","type":{"id":"14f16e57-1d1c-594a-8d20-e4dbf55bca6e"},"collection":{"id":"00000000-0000-0000-0000-000000000000"},"sitemap_locations":[],"last_modified":"2021-05-27T07:58:00.2374596Z"},{"id":"97839666-28e3-470b-9aa0-d57a7afc5b09","name":"Main content","codename":"main_content","type":{"id":"7b5e58e8-62e8-503b-b8ed-e4b4dd2396b4"},"collection":{"id":"00000000-0000-0000-0000-000000000000"},"sitemap_locations":[],"last_modified":"2021-05-27T07:58:00.4142189Z"},{"id":"41b8ba3c-930e-49f5-8f69-0d6825c767c4","name":"Contact","codename":"contact_9c97353","type":{"id":"590a4f68-c9ce-5ba3-9372-9583f69b4cb5"},"collection":{"id":"00000000-0000-0000-0000-000000000000"},"sitemap_locations":[],"last_modified":"2021-05-27T07:58:00.6131551Z"},{"id":"136595ed-0c0e-4ba9-9e24-64a617ef17c5","name":"Main Hero Section","codename":"main_hero_section","type":{"id":"09414e2c-1049-5484-9592-1f1ab1215b95"},"collection":{"id":"00000000-0000-0000-0000-000000000000"},"sitemap_locations":[],"last_modified":"2021-05-27T07:58:00.9100792Z"},{"id":"aa6d199a-c95f-4072-9b3e-cd088eb61fc6","name":"Learn More - Primary","codename":"learn_more","type":{"id":"779c1a4b-4aef-5ca4-b22e-f48565d2857e"},"collection":{"id":"00000000-0000-0000-0000-000000000000"},"sitemap_locations":[],"last_modified":"2021-05-27T07:58:01.0682585Z"},{"id":"59c7fc5d-5956-4654-864a-42cfce86f2ff","name":"Features section","codename":"features_section","type":{"id":"ed9144e3-1f33-589b-b6f0-278cf8b3f01c"},"collection":{"id":"00000000-0000-0000-0000-000000000000"},"sitemap_locations":[],"last_modified":"2021-05-27T07:58:01.2229857Z"},{"id":"8493c68c-0275-4b2e-a24a-40045a87cf36","name":"Arrow Right","codename":"arrow_right","type":{"id":"02f166c1-00eb-54c0-b7da-7ee50283d007"},"collection":{"id":"00000000-0000-0000-0000-000000000000"},"sitemap_locations":[],"last_modified":"2021-05-27T07:58:01.4256789Z"},{"id":"2215c28a-4c0a-4fc8-9a91-83e757ddd7a0","name":"Features - Learn More With Icon Secondary","codename":"learn_more_b6026f5","type":{"id":"779c1a4b-4aef-5ca4-b22e-f48565d2857e"},"collection":{"id":"00000000-0000-0000-0000-000000000000"},"sitemap_locations":[],"last_modified":"2021-05-27T07:58:01.5663Z"},{"id":"fbb6add7-a859-4a6b-adbc-a5769f7351a6","name":"Benefits for everyone","codename":"the_best_features_of_your_services","type":{"id":"29cc4834-2794-5cb0-a5cb-e102c2026910"},"collection":{"id":"00000000-0000-0000-0000-000000000000"},"sitemap_locations":[],"last_modified":"2021-05-27T07:58:01.7574924Z"},{"id":"d56e27d7-b073-4c93-9ade-d26b3a973d40","name":"Get Started CTA block","codename":"this_is_call_to_action_block__117a486","type":{"id":"6b4dbbe0-844b-58fe-ad2c-3956a6a4f266"},"collection":{"id":"00000000-0000-0000-0000-000000000000"},"sitemap_locations":[],"last_modified":"2021-05-27T07:58:01.9100228Z"},{"id":"f4d3800e-5a64-4fc9-85f3-d55c854611ed","name":"Get Started Primary","codename":"get_started_primary","type":{"id":"779c1a4b-4aef-5ca4-b22e-f48565d2857e"},"collection":{"id":"00000000-0000-0000-0000-000000000000"},"sitemap_locations":[],"last_modified":"2021-05-27T07:58:02.0975219Z"},{"id":"57f7cf49-dd32-4c3b-bf29-549104589372","name":"Three Latest Posts","codename":"three_latest_posts","type":{"id":"51cf2e08-2be9-5b6f-b699-fbb605063cfe"},"collection":{"id":"00000000-0000-0000-0000-000000000000"},"sitemap_locations":[],"last_modified":"2021-05-27T07:58:02.2537776Z"},{"id":"bad7ebe5-42ec-4ca4-91c4-f2c6a784613e","name":"Github Left","codename":"github_left","type":{"id":"02f166c1-00eb-54c0-b7da-7ee50283d007"},"collection":{"id":"00000000-0000-0000-0000-000000000000"},"sitemap_locations":[],"last_modified":"2021-05-27T07:58:02.4100493Z"},{"id":"61115eb9-29de-4afa-ace6-397955eebc2b","name":"Super additional feature- with external link","codename":"web_spotlight","type":{"id":"84e5401f-fc98-533a-8983-99920d90d517"},"collection":{"id":"00000000-0000-0000-0000-000000000000"},"sitemap_locations":[],"last_modified":"2021-05-27T07:58:02.5857928Z"},{"id":"cb3d5d79-ba41-4c94-939b-f8e1cedd2081","name":"Extra Feature - learn more","codename":"web_spotlight___learn_more","type":{"id":"779c1a4b-4aef-5ca4-b22e-f48565d2857e"},"collection":{"id":"00000000-0000-0000-0000-000000000000"},"sitemap_locations":[],"last_modified":"2021-05-27T07:58:02.7732601Z"},{"id":"dff1134e-1210-49ea-ab2b-a2d7fa9500d9","name":"Talk to us primary","codename":"talk_to_us_primary","type":{"id":"779c1a4b-4aef-5ca4-b22e-f48565d2857e"},"collection":{"id":"00000000-0000-0000-0000-000000000000"},"sitemap_locations":[],"last_modified":"2021-05-27T07:58:02.9569465Z"},{"id":"710b068c-84b0-47c5-b163-db547b15ff2a","name":"Additional features","codename":"additional_features","type":{"id":"ed9144e3-1f33-589b-b6f0-278cf8b3f01c"},"collection":{"id":"00000000-0000-0000-0000-000000000000"},"sitemap_locations":[],"last_modified":"2021-05-27T07:58:03.1166202Z"},{"id":"d871e715-e22e-4be5-a6ea-46c8f6f3a38d","name":"Twitter Link With Icon","codename":"twitter_link","type":{"id":"779c1a4b-4aef-5ca4-b22e-f48565d2857e"},"collection":{"id":"00000000-0000-0000-0000-000000000000"},"sitemap_locations":[],"last_modified":"2021-05-27T07:58:03.2850618Z"},{"id":"3e1ee6d5-d923-4b0c-8203-4d3dd4ac3de8","name":"LinkedIn Link With Icon","codename":"linkedin_link","type":{"id":"779c1a4b-4aef-5ca4-b22e-f48565d2857e"},"collection":{"id":"00000000-0000-0000-0000-000000000000"},"sitemap_locations":[],"last_modified":"2021-05-27T07:58:03.4725424Z"},{"id":"0bfa3dad-eca2-432d-9623-fd22d7f40ac5","name":"GitHub Link With Icon","codename":"github_link","type":{"id":"779c1a4b-4aef-5ca4-b22e-f48565d2857e"},"collection":{"id":"00000000-0000-0000-0000-000000000000"},"sitemap_locations":[],"last_modified":"2021-05-27T07:58:03.6466828Z"},{"id":"adea7f68-a2cc-4940-be9b-d2d39b99435b","name":"LinkedIn URL","codename":"linkedin_url","type":{"id":"9bbfe268-256e-5bf2-a946-4d4abaa0ba67"},"collection":{"id":"00000000-0000-0000-0000-000000000000"},"sitemap_locations":[],"last_modified":"2021-05-27T07:58:03.8006631Z"},{"id":"3e632e14-a7a1-4acb-8b8e-e29093127d81","name":"GitHub URL","codename":"github_url","type":{"id":"9bbfe268-256e-5bf2-a946-4d4abaa0ba67"},"collection":{"id":"00000000-0000-0000-0000-000000000000"},"sitemap_locations":[],"last_modified":"2021-05-27T07:58:04.0193896Z"},{"id":"8491e342-679d-41b1-b2f6-c06a6a04fa3b","name":"Twitter URL","codename":"twitter_url","type":{"id":"9bbfe268-256e-5bf2-a946-4d4abaa0ba67"},"collection":{"id":"00000000-0000-0000-0000-000000000000"},"sitemap_locations":[],"last_modified":"2021-05-27T07:58:04.2267705Z"},{"id":"e7f34471-a0f5-445e-8c9e-60c3f306e5b5","name":"Features","codename":"features_ca5aacc","type":{"id":"779c1a4b-4aef-5ca4-b22e-f48565d2857e"},"collection":{"id":"00000000-0000-0000-0000-000000000000"},"sitemap_locations":[],"last_modified":"2021-05-27T07:58:04.4100706Z"},{"id":"ecbb6633-9878-4412-94b1-10f0af1ce04f","name":"Main Menu","codename":"main_menu","type":{"id":"5aa3351a-93cd-564a-832f-bdce7358d58f"},"collection":{"id":"00000000-0000-0000-0000-000000000000"},"sitemap_locations":[],"last_modified":"2021-05-27T07:58:04.586635Z"},{"id":"16fcdf08-5bc1-45b7-8ca5-ab3f705d2319","name":"External Features URL","codename":"webspotlight_url","type":{"id":"9bbfe268-256e-5bf2-a946-4d4abaa0ba67"},"collection":{"id":"00000000-0000-0000-0000-000000000000"},"sitemap_locations":[],"last_modified":"2021-05-27T07:58:04.7850132Z"},{"id":"fcba9343-1b15-4dad-87eb-182b40a97bb9","name":"Style Guide","codename":"style_guide_3e20719","type":{"id":"779c1a4b-4aef-5ca4-b22e-f48565d2857e"},"collection":{"id":"00000000-0000-0000-0000-000000000000"},"sitemap_locations":[],"last_modified":"2021-05-27T07:58:04.9590313Z"},{"id":"574ecb09-e82a-4606-8402-90cdee02b3d0","name":"About Us","codename":"about_us_c955b58","type":{"id":"779c1a4b-4aef-5ca4-b22e-f48565d2857e"},"collection":{"id":"00000000-0000-0000-0000-000000000000"},"sitemap_locations":[],"last_modified":"2021-05-27T07:58:05.1195852Z"},{"id":"121bee36-9518-4f88-bcaa-c980af1ae0e3","name":"Community Menu","codename":"community_menu","type":{"id":"5aa3351a-93cd-564a-832f-bdce7358d58f"},"collection":{"id":"00000000-0000-0000-0000-000000000000"},"sitemap_locations":[],"last_modified":"2021-05-27T07:58:05.2891941Z"},{"id":"506c9d5d-670c-47dd-bd1b-a58cfc918be4","name":"Blog","codename":"blog_81248ba","type":{"id":"779c1a4b-4aef-5ca4-b22e-f48565d2857e"},"collection":{"id":"00000000-0000-0000-0000-000000000000"},"sitemap_locations":[],"last_modified":"2021-05-27T07:58:05.5996143Z"},{"id":"a023db98-86eb-4fe2-9321-8f5d9b03ec71","name":"Contact","codename":"contact_1838a29","type":{"id":"779c1a4b-4aef-5ca4-b22e-f48565d2857e"},"collection":{"id":"00000000-0000-0000-0000-000000000000"},"sitemap_locations":[],"last_modified":"2021-05-27T07:58:05.8027694Z"},{"id":"f64d3cda-5c4b-4482-a610-97a40b9ba163","name":"Problem Solver","codename":"problem_solver","type":{"id":"84e5401f-fc98-533a-8983-99920d90d517"},"collection":{"id":"00000000-0000-0000-0000-000000000000"},"sitemap_locations":[],"last_modified":"2021-05-27T07:58:05.9940566Z"},{"id":"e62c17de-f79c-4d0e-a48d-5c7f0f7ca005","name":"Problem Identifier","codename":"problem_identifier","type":{"id":"84e5401f-fc98-533a-8983-99920d90d517"},"collection":{"id":"00000000-0000-0000-0000-000000000000"},"sitemap_locations":[],"last_modified":"2021-05-27T07:58:06.1934906Z"},{"id":"b3899c9b-4bac-4240-b1b6-bdca0fd1104b","name":"Problem Preventer","codename":"problem_preventer","type":{"id":"84e5401f-fc98-533a-8983-99920d90d517"},"collection":{"id":"00000000-0000-0000-0000-000000000000"},"sitemap_locations":[],"last_modified":"2021-06-01T12:51:09.5840177Z"},{"id":"aa4e5508-ff5a-438a-8332-c3f37212662e","name":"John Doe","codename":"john_doe_6ecf434","type":{"id":"1537fce3-0d26-5fe7-afe6-0b38e5ec84d9"},"collection":{"id":"00000000-0000-0000-0000-000000000000"},"sitemap_locations":[],"last_modified":"2021-05-27T07:58:06.5464903Z"},{"id":"3ee11475-1e86-4962-a9f9-38e1dd74fd2f","name":"John Smith","codename":"john_smith","type":{"id":"1537fce3-0d26-5fe7-afe6-0b38e5ec84d9"},"collection":{"id":"00000000-0000-0000-0000-000000000000"},"sitemap_locations":[],"last_modified":"2021-05-27T07:58:06.7808405Z"},{"id":"a664e91c-240a-43c4-8959-b296c8d9d31f","name":"Adam Foo","codename":"adam_foo","type":{"id":"1537fce3-0d26-5fe7-afe6-0b38e5ec84d9"},"collection":{"id":"00000000-0000-0000-0000-000000000000"},"sitemap_locations":[],"last_modified":"2021-05-27T07:58:06.9527642Z"},{"id":"e5a6f5c7-501c-42ac-bcfb-df7e888a3744","name":"Jane Doe","codename":"jane_doe_68b4908","type":{"id":"1537fce3-0d26-5fe7-afe6-0b38e5ec84d9"},"collection":{"id":"00000000-0000-0000-0000-000000000000"},"sitemap_locations":[],"last_modified":"2021-05-27T07:58:07.1558319Z"},{"id":"3d48ea56-f757-461a-b51a-8821b6450193","name":"5 tips to solve your problems","codename":"n5_tips_to_solve_your_problems","type":{"id":"29a88b30-e2e7-5b5f-9a5c-4114ba52c221"},"collection":{"id":"00000000-0000-0000-0000-000000000000"},"sitemap_locations":[],"last_modified":"2021-05-27T07:58:07.5464786Z"},{"id":"848eff9c-8777-4464-b869-8960fdb1a08c","name":"Eve Bar","codename":"eve_bar","type":{"id":"1537fce3-0d26-5fe7-afe6-0b38e5ec84d9"},"collection":{"id":"00000000-0000-0000-0000-000000000000"},"sitemap_locations":[],"last_modified":"2021-05-27T07:58:07.7367397Z"},{"id":"5898c677-0ffa-45ad-9825-27a5f3cca511","name":"Keep your assets up to speed","codename":"keep_your_assets_up_to_speed","type":{"id":"29a88b30-e2e7-5b5f-9a5c-4114ba52c221"},"collection":{"id":"00000000-0000-0000-0000-000000000000"},"sitemap_locations":[],"last_modified":"2021-05-27T07:58:07.9214721Z"},{"id":"13496603-5f15-4e83-ab0c-ed3068b6db8b","name":"Don't be afraid to fail","codename":"don_t_be_afraid_to_fail","type":{"id":"29a88b30-e2e7-5b5f-9a5c-4114ba52c221"},"collection":{"id":"00000000-0000-0000-0000-000000000000"},"sitemap_locations":[],"last_modified":"2021-05-27T07:58:08.1558496Z"},{"id":"5c61c6ed-7826-432f-8251-27e64f2d092f","name":"All your benefits at one place","codename":"all_your_benefits_at_one_place","type":{"id":"29a88b30-e2e7-5b5f-9a5c-4114ba52c221"},"collection":{"id":"00000000-0000-0000-0000-000000000000"},"sitemap_locations":[],"last_modified":"2021-05-27T07:58:08.3316377Z"},{"id":"d0e87b6a-c764-4b54-8265-2e424c238e99","name":"Define your user journey","codename":"define_your_user_journey","type":{"id":"29a88b30-e2e7-5b5f-9a5c-4114ba52c221"},"collection":{"id":"00000000-0000-0000-0000-000000000000"},"sitemap_locations":[],"last_modified":"2021-05-27T07:58:08.5310063Z"},{"id":"c800d10f-1578-4d84-b5e8-bd87df3af1b6","name":"How to collaborate","codename":"how_to_collaborate","type":{"id":"29a88b30-e2e7-5b5f-9a5c-4114ba52c221"},"collection":{"id":"00000000-0000-0000-0000-000000000000"},"sitemap_locations":[],"last_modified":"2021-05-27T07:58:08.718348Z"},{"id":"5dbbc1b4-afef-46a9-8bcf-ad26669b865b","name":"Go International","codename":"go_international","type":{"id":"29a88b30-e2e7-5b5f-9a5c-4114ba52c221"},"collection":{"id":"00000000-0000-0000-0000-000000000000"},"sitemap_locations":[],"last_modified":"2021-05-27T07:58:08.8901944Z"},{"id":"0f841a11-854a-40ab-ac4d-ace5294811ba","name":"Shape your skills","codename":"shape_your_skills","type":{"id":"29a88b30-e2e7-5b5f-9a5c-4114ba52c221"},"collection":{"id":"00000000-0000-0000-0000-000000000000"},"sitemap_locations":[],"last_modified":"2021-05-27T07:58:09.0776891Z"},{"id":"0b167082-d0f9-4e05-9007-95796cdaea1d","name":"More information","codename":"more_information","type":{"id":"590a4f68-c9ce-5ba3-9372-9583f69b4cb5"},"collection":{"id":"00000000-0000-0000-0000-000000000000"},"sitemap_locations":[],"last_modified":"2021-05-27T07:58:09.3746164Z"},{"id":"e8279eb0-b284-4aff-912e-c83030aebc64","name":"How to validate services","codename":"how_to_validate_services","type":{"id":"29a88b30-e2e7-5b5f-9a5c-4114ba52c221"},"collection":{"id":"00000000-0000-0000-0000-000000000000"},"sitemap_locations":[],"last_modified":"2021-05-27T07:58:09.6089659Z"},{"id":"552356f3-4834-4ee3-b840-f5368dfeb441","name":"More information","codename":"more_information_aa8896c","type":{"id":"de3568e8-0ee4-5019-a265-0f106ffeb4c5"},"collection":{"id":"00000000-0000-0000-0000-000000000000"},"sitemap_locations":[],"last_modified":"2021-05-27T07:58:09.7964388Z"},{"id":"6c96494d-1dcb-4ad2-8bd4-f2e64dc8372b","name":"About Us secondary","codename":"about_us_secondary","type":{"id":"779c1a4b-4aef-5ca4-b22e-f48565d2857e"},"collection":{"id":"00000000-0000-0000-0000-000000000000"},"sitemap_locations":[],"last_modified":"2021-05-31T18:12:55.7366491Z"},{"id":"a47a4560-3bef-4771-b0fb-738b4dda1669","name":"Post for developers 1","codename":"post_for_developers_1","type":{"id":"29a88b30-e2e7-5b5f-9a5c-4114ba52c221"},"collection":{"id":"00000000-0000-0000-0000-000000000000"},"sitemap_locations":[],"last_modified":"2021-06-03T14:46:03.6454169Z"},{"id":"f680ba80-1d44-4c93-a263-4a716a4e8b95","name":"Post for developers 2","codename":"post_for_developers_2","type":{"id":"29a88b30-e2e7-5b5f-9a5c-4114ba52c221"},"collection":{"id":"00000000-0000-0000-0000-000000000000"},"sitemap_locations":[],"last_modified":"2021-06-03T14:46:58.894914Z"}]