[{"id":"b56d6bbf-5042-4404-b4ff-6bd11874a68d","name":"Homepage","codename":"homepage","type":{"id":"12594279-75c3-5426-a38e-f46acd771856"},"collection":{"id":"00000000-0000-0000-0000-000000000000"},"sitemap_locations":[],"last_modified":"2021-06-07T17:01:39.9307176Z"},{"id":"e3b36974-d671-4cae-afee-9d8192fd0be8","name":"LinkedIn Left","codename":"linkedin_left","type":{"id":"9febb1a8-a60c-5875-9d4c-01b2396fc285"},"collection":{"id":"00000000-0000-0000-0000-000000000000"},"sitemap_locations":[],"last_modified":"2021-06-07T17:01:40.0244731Z"},{"id":"84227187-b781-48da-a156-3422d5e497f8","name":"GitHub Right","codename":"github_right","type":{"id":"9febb1a8-a60c-5875-9d4c-01b2396fc285"},"collection":{"id":"00000000-0000-0000-0000-000000000000"},"sitemap_locations":[],"last_modified":"2021-06-07T17:01:40.1182308Z"},{"id":"7b5f2cc5-d307-42a9-b74f-194502fe0066","name":"Twitter Left","codename":"twitter_left","type":{"id":"9febb1a8-a60c-5875-9d4c-01b2396fc285"},"collection":{"id":"00000000-0000-0000-0000-000000000000"},"sitemap_locations":[],"last_modified":"2021-06-07T17:01:40.2119605Z"},{"id":"7b2e0704-6cd8-4df4-89dc-0335f9a2845d","name":"Subscribe Form","codename":"subscribe_form","type":{"id":"291cc19a-2ea3-566c-a900-04492d0050ca"},"collection":{"id":"00000000-0000-0000-0000-000000000000"},"sitemap_locations":[],"last_modified":"2021-06-07T17:01:40.3057396Z"},{"id":"f7731645-bf0c-4284-8321-34149a4e698e","name":"Required Email Field","codename":"required_email_field","type":{"id":"542f7fcf-97bb-5777-aafe-f671717b984d"},"collection":{"id":"00000000-0000-0000-0000-000000000000"},"sitemap_locations":[],"last_modified":"2021-06-07T17:01:40.3838685Z"},{"id":"1adc65b7-9b96-4801-87ed-8c92990b8f20","name":"About Us","codename":"about_us","type":{"id":"c84dc16f-5a2f-5190-9469-caf35ac6d192"},"collection":{"id":"00000000-0000-0000-0000-000000000000"},"sitemap_locations":[],"last_modified":"2021-06-07T17:01:40.4776228Z"},{"id":"4ca7f1f7-4824-4b75-82c4-99ac1b59b59b","name":"Contact","codename":"contact","type":{"id":"c71f2561-3ead-56a9-9210-38aa55004695"},"collection":{"id":"00000000-0000-0000-0000-000000000000"},"sitemap_locations":[],"last_modified":"2021-06-07T17:01:42.9308894Z"},{"id":"107412f7-43a8-4bc7-8ca6-46b93825762e","name":"Contact","codename":"contact_6f1134d","type":{"id":"490b17f7-52e1-5d15-842a-c637d59f7dcc"},"collection":{"id":"00000000-0000-0000-0000-000000000000"},"sitemap_locations":[],"last_modified":"2021-06-07T17:01:43.0246389Z"},{"id":"dc31ce46-53a8-4dc4-801e-fe289bf03872","name":"Contact Form","codename":"contact_form","type":{"id":"291cc19a-2ea3-566c-a900-04492d0050ca"},"collection":{"id":"00000000-0000-0000-0000-000000000000"},"sitemap_locations":[],"last_modified":"2021-06-07T17:01:43.1184136Z"},{"id":"320327aa-91a4-45b3-8f27-9020c7661eca","name":"Required Name Field","codename":"required_name_field","type":{"id":"542f7fcf-97bb-5777-aafe-f671717b984d"},"collection":{"id":"00000000-0000-0000-0000-000000000000"},"sitemap_locations":[],"last_modified":"2021-06-07T17:01:43.1965069Z"},{"id":"464ec507-3eed-4df8-9f67-5abe886df033","name":"Error on the site","codename":"error_on_the_site","type":{"id":"ea39f1a2-12d1-5215-af6e-f079272af407"},"collection":{"id":"00000000-0000-0000-0000-000000000000"},"sitemap_locations":[],"last_modified":"2021-06-07T17:01:43.2746647Z"},{"id":"56c9efb4-d7ef-43d0-a60d-ff8dc4a43014","name":"Sponsorship","codename":"sponsorship","type":{"id":"ea39f1a2-12d1-5215-af6e-f079272af407"},"collection":{"id":"00000000-0000-0000-0000-000000000000"},"sitemap_locations":[],"last_modified":"2021-06-07T17:01:43.3684473Z"},{"id":"e80f6fa6-bddb-4169-906a-2d1b84c0081d","name":"Subject","codename":"subject","type":{"id":"ce46251a-edc6-5e46-8cd7-62b354889ace"},"collection":{"id":"00000000-0000-0000-0000-000000000000"},"sitemap_locations":[],"last_modified":"2021-06-07T17:01:43.446542Z"},{"id":"ef781a3a-3ac4-4120-a149-cf9176437067","name":"Other","codename":"other","type":{"id":"ea39f1a2-12d1-5215-af6e-f079272af407"},"collection":{"id":"00000000-0000-0000-0000-000000000000"},"sitemap_locations":[],"last_modified":"2021-06-07T17:01:43.5559287Z"},{"id":"5d013fb3-16e7-46cb-b13b-e577154a1e81","name":"Message text area","codename":"message_text_area","type":{"id":"542f7fcf-97bb-5777-aafe-f671717b984d"},"collection":{"id":"00000000-0000-0000-0000-000000000000"},"sitemap_locations":[],"last_modified":"2021-06-07T17:01:43.6653059Z"},{"id":"2e1fc00f-92c0-4585-b4d3-9fe5b112fccd","name":"Consent Checkbox","codename":"consent_checkbox","type":{"id":"542f7fcf-97bb-5777-aafe-f671717b984d"},"collection":{"id":"00000000-0000-0000-0000-000000000000"},"sitemap_locations":[],"last_modified":"2021-06-07T17:01:43.7590922Z"},{"id":"0a29b8ee-f601-4a14-84a7-ae53f7b184fe","name":"Features","codename":"features","type":{"id":"c71f2561-3ead-56a9-9210-38aa55004695"},"collection":{"id":"00000000-0000-0000-0000-000000000000"},"sitemap_locations":[],"last_modified":"2021-06-07T17:01:45.9154047Z"},{"id":"2dc1b919-dd4d-4912-9914-102eea33b61c","name":"Request Demo","codename":"view_demo","type":{"id":"9ced1ca6-c72d-520e-9bdd-756fb1d526ca"},"collection":{"id":"00000000-0000-0000-0000-000000000000"},"sitemap_locations":[],"last_modified":"2021-06-07T17:01:45.9935898Z"},{"id":"98f9047b-8e94-4f38-9dcd-ea3416b991f5","name":"Get started CTA","codename":"this_is_call_to_action_block_","type":{"id":"09e08fa5-9b73-5e19-8cfe-649725b33542"},"collection":{"id":"00000000-0000-0000-0000-000000000000"},"sitemap_locations":[],"last_modified":"2021-06-07T17:01:46.0873441Z"},{"id":"d8ec1f24-ce6e-4c13-b47a-a1b38872ad71","name":"Get Started - secondary","codename":"get_started","type":{"id":"9ced1ca6-c72d-520e-9bdd-756fb1d526ca"},"collection":{"id":"00000000-0000-0000-0000-000000000000"},"sitemap_locations":[],"last_modified":"2021-06-07T17:01:46.1810485Z"},{"id":"c01aa4cf-1e03-4301-9017-5e83750841cc","name":"Style Guide","codename":"style_guide","type":{"id":"c84dc16f-5a2f-5190-9469-caf35ac6d192"},"collection":{"id":"00000000-0000-0000-0000-000000000000"},"sitemap_locations":[],"last_modified":"2021-06-07T17:01:46.2591771Z"},{"id":"b1f57bb6-e05d-49cd-9ad2-b040cf000d19","name":"Features","codename":"features_e0a053c","type":{"id":"4a580051-97d3-5a1e-9d85-35cc524743e5"},"collection":{"id":"00000000-0000-0000-0000-000000000000"},"sitemap_locations":[],"last_modified":"2021-06-07T17:01:46.3529534Z"},{"id":"8adf3534-ce80-4f05-8496-2cf137fdad50","name":"Style Guide","codename":"style_guide_ce0f7d5","type":{"id":"4a580051-97d3-5a1e-9d85-35cc524743e5"},"collection":{"id":"00000000-0000-0000-0000-000000000000"},"sitemap_locations":[],"last_modified":"2021-06-07T17:01:46.431062Z"},{"id":"16261618-a6cc-45bf-8e7b-4fccfff1fedb","name":"About Us","codename":"about_us_e2a3843","type":{"id":"4a580051-97d3-5a1e-9d85-35cc524743e5"},"collection":{"id":"00000000-0000-0000-0000-000000000000"},"sitemap_locations":[],"last_modified":"2021-06-07T17:01:46.5248681Z"},{"id":"eca65520-7fa8-4c3e-aeea-57f988a6c5da","name":"Blog","codename":"blog","type":{"id":"4a580051-97d3-5a1e-9d85-35cc524743e5"},"collection":{"id":"00000000-0000-0000-0000-000000000000"},"sitemap_locations":[],"last_modified":"2021-06-07T17:01:46.6185954Z"},{"id":"8de03bce-99c9-4e74-b060-26c0ace16492","name":"Blog","codename":"blog_cf72cdb","type":{"id":"938df96c-56f1-5064-821c-3b5f29b69df4"},"collection":{"id":"00000000-0000-0000-0000-000000000000"},"sitemap_locations":[],"last_modified":"2021-06-07T17:01:46.727977Z"},{"id":"d61433c6-db73-4fea-bf30-5982f3e0a81f","name":"Main content","codename":"main_content","type":{"id":"c71f2561-3ead-56a9-9210-38aa55004695"},"collection":{"id":"00000000-0000-0000-0000-000000000000"},"sitemap_locations":[],"last_modified":"2021-06-07T17:01:48.931224Z"},{"id":"b48c9e7f-da5f-4516-a70a-cdfc08ce956e","name":"Contact","codename":"contact_9c97353","type":{"id":"4a580051-97d3-5a1e-9d85-35cc524743e5"},"collection":{"id":"00000000-0000-0000-0000-000000000000"},"sitemap_locations":[],"last_modified":"2021-06-07T17:01:49.0250138Z"},{"id":"9bf1cc94-1a01-44be-840b-e669d3e24800","name":"Main Hero Section","codename":"main_hero_section","type":{"id":"40764f8d-27c5-559c-abe0-9351da83079a"},"collection":{"id":"00000000-0000-0000-0000-000000000000"},"sitemap_locations":[],"last_modified":"2021-06-07T17:01:49.1187406Z"},{"id":"15ac8a0e-ce04-4a41-b6cd-667e0e034e8a","name":"Learn More - Primary","codename":"learn_more","type":{"id":"9ced1ca6-c72d-520e-9bdd-756fb1d526ca"},"collection":{"id":"00000000-0000-0000-0000-000000000000"},"sitemap_locations":[],"last_modified":"2021-06-07T17:01:49.2124664Z"},{"id":"b2540ccd-dac2-484d-b6c9-980db4b3a8de","name":"Features section","codename":"features_section","type":{"id":"885848fb-5e4c-531f-898b-345d58616e58"},"collection":{"id":"00000000-0000-0000-0000-000000000000"},"sitemap_locations":[],"last_modified":"2021-06-07T17:01:49.306225Z"},{"id":"1180bf08-fafb-437b-9b32-b6459f77fee9","name":"Arrow Right","codename":"arrow_right","type":{"id":"9febb1a8-a60c-5875-9d4c-01b2396fc285"},"collection":{"id":"00000000-0000-0000-0000-000000000000"},"sitemap_locations":[],"last_modified":"2021-06-07T17:01:49.4000062Z"},{"id":"c18271fa-3f5b-401c-b065-ee298467e6c9","name":"Features - Learn More With Icon Secondary","codename":"learn_more_b6026f5","type":{"id":"9ced1ca6-c72d-520e-9bdd-756fb1d526ca"},"collection":{"id":"00000000-0000-0000-0000-000000000000"},"sitemap_locations":[],"last_modified":"2021-06-07T17:01:49.4937526Z"},{"id":"68552b6f-ce90-4a4e-861a-c4627ba1c964","name":"Benefits for everyone","codename":"the_best_features_of_your_services","type":{"id":"191d07de-ff78-5d71-b7b5-9e707f042dbd"},"collection":{"id":"00000000-0000-0000-0000-000000000000"},"sitemap_locations":[],"last_modified":"2021-06-07T17:01:49.5718765Z"},{"id":"b535c3ea-d837-40d1-b29e-612cde496da8","name":"Get Started CTA block","codename":"this_is_call_to_action_block__117a486","type":{"id":"09e08fa5-9b73-5e19-8cfe-649725b33542"},"collection":{"id":"00000000-0000-0000-0000-000000000000"},"sitemap_locations":[],"last_modified":"2021-06-07T17:01:49.6656459Z"},{"id":"3e162b34-7350-4edf-8a93-66dcea0fabf0","name":"Get Started Primary","codename":"get_started_primary","type":{"id":"9ced1ca6-c72d-520e-9bdd-756fb1d526ca"},"collection":{"id":"00000000-0000-0000-0000-000000000000"},"sitemap_locations":[],"last_modified":"2021-06-07T17:01:49.7441362Z"},{"id":"79798e41-efd2-4ca7-ab0e-edddb2182c37","name":"Three Latest Posts","codename":"three_latest_posts","type":{"id":"40a57d02-72fa-509c-927d-aedac231ab0d"},"collection":{"id":"00000000-0000-0000-0000-000000000000"},"sitemap_locations":[],"last_modified":"2021-06-07T17:01:51.9170732Z"},{"id":"781c309c-6902-427e-9d32-4385088a1b5b","name":"Github Left","codename":"github_left","type":{"id":"9febb1a8-a60c-5875-9d4c-01b2396fc285"},"collection":{"id":"00000000-0000-0000-0000-000000000000"},"sitemap_locations":[],"last_modified":"2021-06-07T17:01:51.9951825Z"},{"id":"58b0e6a4-e5a0-4a9b-a1e7-192d70040fe5","name":"Super additional feature- with external link","codename":"web_spotlight","type":{"id":"782b4425-df8b-5330-9912-6b77bc4eaa52"},"collection":{"id":"00000000-0000-0000-0000-000000000000"},"sitemap_locations":[],"last_modified":"2021-06-07T17:01:52.0889365Z"},{"id":"d504c222-183f-4ac3-9342-70d311fab99a","name":"Extra Feature - learn more","codename":"web_spotlight___learn_more","type":{"id":"9ced1ca6-c72d-520e-9bdd-756fb1d526ca"},"collection":{"id":"00000000-0000-0000-0000-000000000000"},"sitemap_locations":[],"last_modified":"2021-06-07T17:01:52.1826932Z"},{"id":"18a78844-8aeb-4a73-b552-e68659c34ac9","name":"Talk to us primary","codename":"talk_to_us_primary","type":{"id":"9ced1ca6-c72d-520e-9bdd-756fb1d526ca"},"collection":{"id":"00000000-0000-0000-0000-000000000000"},"sitemap_locations":[],"last_modified":"2021-06-07T17:01:52.2607985Z"},{"id":"724bb329-38ab-42d9-bfd2-17f4c1aab1f0","name":"Additional features","codename":"additional_features","type":{"id":"885848fb-5e4c-531f-898b-345d58616e58"},"collection":{"id":"00000000-0000-0000-0000-000000000000"},"sitemap_locations":[],"last_modified":"2021-06-07T17:01:52.3701944Z"},{"id":"7d344e8b-2830-4351-aafb-d6f5a5589160","name":"Twitter Link With Icon","codename":"twitter_link","type":{"id":"9ced1ca6-c72d-520e-9bdd-756fb1d526ca"},"collection":{"id":"00000000-0000-0000-0000-000000000000"},"sitemap_locations":[],"last_modified":"2021-06-07T17:01:52.4483238Z"},{"id":"37e4e8c6-d037-48cd-bc2a-66bf80f35c20","name":"LinkedIn Link With Icon","codename":"linkedin_link","type":{"id":"9ced1ca6-c72d-520e-9bdd-756fb1d526ca"},"collection":{"id":"00000000-0000-0000-0000-000000000000"},"sitemap_locations":[],"last_modified":"2021-06-07T17:01:52.5264619Z"},{"id":"5e8e7f26-a539-47ab-88e1-90167a819444","name":"GitHub Link With Icon","codename":"github_link","type":{"id":"9ced1ca6-c72d-520e-9bdd-756fb1d526ca"},"collection":{"id":"00000000-0000-0000-0000-000000000000"},"sitemap_locations":[],"last_modified":"2021-06-07T17:01:52.6202148Z"},{"id":"ab21be23-c33b-46e3-bab6-9551cbad2c7f","name":"LinkedIn URL","codename":"linkedin_url","type":{"id":"acc65c82-ff72-5305-88b9-8fc2cbfc3dce"},"collection":{"id":"00000000-0000-0000-0000-000000000000"},"sitemap_locations":[],"last_modified":"2021-06-07T17:01:52.713967Z"},{"id":"a0f3936b-c37c-48f2-a4c0-2a979d6c718f","name":"GitHub URL","codename":"github_url","type":{"id":"acc65c82-ff72-5305-88b9-8fc2cbfc3dce"},"collection":{"id":"00000000-0000-0000-0000-000000000000"},"sitemap_locations":[],"last_modified":"2021-06-07T17:01:54.9176215Z"},{"id":"c9b7f007-9b88-43be-a104-5e4c6879eac2","name":"Twitter URL","codename":"twitter_url","type":{"id":"acc65c82-ff72-5305-88b9-8fc2cbfc3dce"},"collection":{"id":"00000000-0000-0000-0000-000000000000"},"sitemap_locations":[],"last_modified":"2021-06-07T17:01:55.0113567Z"},{"id":"0681de4e-4a91-45be-8f31-56557547b044","name":"Features","codename":"features_ca5aacc","type":{"id":"9ced1ca6-c72d-520e-9bdd-756fb1d526ca"},"collection":{"id":"00000000-0000-0000-0000-000000000000"},"sitemap_locations":[],"last_modified":"2021-06-07T17:01:55.1051056Z"},{"id":"b8b73cb0-8c8f-45a7-8bd8-359d2b7bc770","name":"Main Menu","codename":"main_menu","type":{"id":"9f930629-a21c-57f5-ba51-2b9d6c6010d5"},"collection":{"id":"00000000-0000-0000-0000-000000000000"},"sitemap_locations":[],"last_modified":"2021-06-07T17:01:55.1832489Z"},{"id":"1a86cc89-f503-4fbe-b102-013e6b7261cc","name":"External Features URL","codename":"webspotlight_url","type":{"id":"acc65c82-ff72-5305-88b9-8fc2cbfc3dce"},"collection":{"id":"00000000-0000-0000-0000-000000000000"},"sitemap_locations":[],"last_modified":"2021-06-07T17:01:55.2613643Z"},{"id":"77c54993-a3e5-48f7-9f3c-7db2b20057ac","name":"Style Guide","codename":"style_guide_3e20719","type":{"id":"9ced1ca6-c72d-520e-9bdd-756fb1d526ca"},"collection":{"id":"00000000-0000-0000-0000-000000000000"},"sitemap_locations":[],"last_modified":"2021-06-07T17:01:55.3551193Z"},{"id":"e1356367-003e-44bf-a2cc-cb5b3ef7f425","name":"About Us","codename":"about_us_c955b58","type":{"id":"9ced1ca6-c72d-520e-9bdd-756fb1d526ca"},"collection":{"id":"00000000-0000-0000-0000-000000000000"},"sitemap_locations":[],"last_modified":"2021-06-07T17:01:55.4332486Z"},{"id":"be8e1afc-d683-4120-972d-d0307b618907","name":"Community Menu","codename":"community_menu","type":{"id":"9f930629-a21c-57f5-ba51-2b9d6c6010d5"},"collection":{"id":"00000000-0000-0000-0000-000000000000"},"sitemap_locations":[],"last_modified":"2021-06-07T17:01:55.5270071Z"},{"id":"b5bd3fc5-409e-4f32-9c6f-03f39b813fb4","name":"Blog","codename":"blog_81248ba","type":{"id":"9ced1ca6-c72d-520e-9bdd-756fb1d526ca"},"collection":{"id":"00000000-0000-0000-0000-000000000000"},"sitemap_locations":[],"last_modified":"2021-06-07T17:01:55.6051362Z"},{"id":"216bdc38-dcdf-49e6-992f-28741922aec4","name":"Contact","codename":"contact_1838a29","type":{"id":"9ced1ca6-c72d-520e-9bdd-756fb1d526ca"},"collection":{"id":"00000000-0000-0000-0000-000000000000"},"sitemap_locations":[],"last_modified":"2021-06-07T17:01:55.6837691Z"},{"id":"c227e76b-65f1-463a-9fba-4e7185086019","name":"Problem Solver","codename":"problem_solver","type":{"id":"782b4425-df8b-5330-9912-6b77bc4eaa52"},"collection":{"id":"00000000-0000-0000-0000-000000000000"},"sitemap_locations":[],"last_modified":"2021-06-07T17:01:56.9333316Z"},{"id":"8919a8c0-7832-4d77-b22c-65102366de05","name":"Problem Identifier","codename":"problem_identifier","type":{"id":"782b4425-df8b-5330-9912-6b77bc4eaa52"},"collection":{"id":"00000000-0000-0000-0000-000000000000"},"sitemap_locations":[],"last_modified":"2021-06-07T17:01:57.0114857Z"},{"id":"d981afff-af04-4926-8e23-f068eaf294d3","name":"Problem Preventer","codename":"problem_preventer","type":{"id":"782b4425-df8b-5330-9912-6b77bc4eaa52"},"collection":{"id":"00000000-0000-0000-0000-000000000000"},"sitemap_locations":[],"last_modified":"2021-06-07T17:01:57.1052159Z"},{"id":"d436eb01-bbc5-4312-b632-dfc93ff33fb1","name":"John Doe","codename":"john_doe_6ecf434","type":{"id":"da2432c2-906a-53bd-951c-4ccf9125a639"},"collection":{"id":"00000000-0000-0000-0000-000000000000"},"sitemap_locations":[],"last_modified":"2021-06-07T17:01:57.1833759Z"},{"id":"46731842-21e7-44a1-a87c-e9019e381a34","name":"John Smith","codename":"john_smith","type":{"id":"da2432c2-906a-53bd-951c-4ccf9125a639"},"collection":{"id":"00000000-0000-0000-0000-000000000000"},"sitemap_locations":[],"last_modified":"2021-06-07T17:01:57.2614786Z"},{"id":"eb8c438c-2efe-4dd2-95f3-5d996c8b1f28","name":"Adam Foo","codename":"adam_foo","type":{"id":"da2432c2-906a-53bd-951c-4ccf9125a639"},"collection":{"id":"00000000-0000-0000-0000-000000000000"},"sitemap_locations":[],"last_modified":"2021-06-07T17:01:57.3552304Z"},{"id":"8f211a5d-49d4-4072-bc5f-2d4c5d30831a","name":"Jane Doe","codename":"jane_doe_68b4908","type":{"id":"da2432c2-906a-53bd-951c-4ccf9125a639"},"collection":{"id":"00000000-0000-0000-0000-000000000000"},"sitemap_locations":[],"last_modified":"2021-06-07T17:01:57.464613Z"},{"id":"309c1598-e8f6-4d97-a4d9-7248fe9fa0a0","name":"5 tips to solve your problems","codename":"n5_tips_to_solve_your_problems","type":{"id":"f5f8867b-970c-539e-b32a-c8d693452787"},"collection":{"id":"00000000-0000-0000-0000-000000000000"},"sitemap_locations":[],"last_modified":"2021-06-07T17:01:57.5739904Z"},{"id":"d2f7ea53-2cc0-442e-8175-67295b4abda2","name":"Eve Bar","codename":"eve_bar","type":{"id":"da2432c2-906a-53bd-951c-4ccf9125a639"},"collection":{"id":"00000000-0000-0000-0000-000000000000"},"sitemap_locations":[],"last_modified":"2021-06-07T17:01:57.6677486Z"},{"id":"93247ac5-cc39-41bc-9774-5c957fb945a4","name":"Keep your assets up to speed","codename":"keep_your_assets_up_to_speed","type":{"id":"f5f8867b-970c-539e-b32a-c8d693452787"},"collection":{"id":"00000000-0000-0000-0000-000000000000"},"sitemap_locations":[],"last_modified":"2021-06-07T17:01:57.7771293Z"},{"id":"e409e857-2e8a-43fa-b07d-dab969b45926","name":"Don't be afraid to fail","codename":"don_t_be_afraid_to_fail","type":{"id":"f5f8867b-970c-539e-b32a-c8d693452787"},"collection":{"id":"00000000-0000-0000-0000-000000000000"},"sitemap_locations":[],"last_modified":"2021-06-07T17:02:00.9335829Z"},{"id":"bb3b8e90-6bbf-49fc-8e59-5f01feea2d7e","name":"All your benefits at one place","codename":"all_your_benefits_at_one_place","type":{"id":"f5f8867b-970c-539e-b32a-c8d693452787"},"collection":{"id":"00000000-0000-0000-0000-000000000000"},"sitemap_locations":[],"last_modified":"2021-06-07T17:02:01.0117229Z"},{"id":"52c27db1-afd3-4ddc-a124-a41565686276","name":"Define your user journey","codename":"define_your_user_journey","type":{"id":"f5f8867b-970c-539e-b32a-c8d693452787"},"collection":{"id":"00000000-0000-0000-0000-000000000000"},"sitemap_locations":[],"last_modified":"2021-06-07T17:02:01.1054636Z"},{"id":"d38dd140-241a-45fe-ae02-1fb4c2e0a6e4","name":"How to collaborate","codename":"how_to_collaborate","type":{"id":"f5f8867b-970c-539e-b32a-c8d693452787"},"collection":{"id":"00000000-0000-0000-0000-000000000000"},"sitemap_locations":[],"last_modified":"2021-06-07T17:02:01.1992178Z"},{"id":"e59d5e91-4cb3-46b4-8711-1314de48854a","name":"Go International","codename":"go_international","type":{"id":"f5f8867b-970c-539e-b32a-c8d693452787"},"collection":{"id":"00000000-0000-0000-0000-000000000000"},"sitemap_locations":[],"last_modified":"2021-06-07T17:02:01.2929508Z"},{"id":"3b925e68-3aa1-49f3-854f-0097e7b117db","name":"Shape your skills","codename":"shape_your_skills","type":{"id":"f5f8867b-970c-539e-b32a-c8d693452787"},"collection":{"id":"00000000-0000-0000-0000-000000000000"},"sitemap_locations":[],"last_modified":"2021-06-07T17:02:01.3867083Z"},{"id":"3ce77ff4-d78d-4505-aff7-d9cac3d8ed3c","name":"More information","codename":"more_information","type":{"id":"4a580051-97d3-5a1e-9d85-35cc524743e5"},"collection":{"id":"00000000-0000-0000-0000-000000000000"},"sitemap_locations":[],"last_modified":"2021-06-07T17:02:01.4804914Z"},{"id":"c44b9549-0b83-49d6-8735-8e8cd47edf3a","name":"How to validate services","codename":"how_to_validate_services","type":{"id":"f5f8867b-970c-539e-b32a-c8d693452787"},"collection":{"id":"00000000-0000-0000-0000-000000000000"},"sitemap_locations":[],"last_modified":"2021-06-07T17:02:01.5742602Z"},{"id":"9a12340f-7016-4f57-bee1-a47eb9567fba","name":"More information","codename":"more_information_aa8896c","type":{"id":"c84dc16f-5a2f-5190-9469-caf35ac6d192"},"collection":{"id":"00000000-0000-0000-0000-000000000000"},"sitemap_locations":[],"last_modified":"2021-06-07T17:02:01.652369Z"},{"id":"415536ac-6a12-4884-a352-99b008c5331a","name":"About Us secondary","codename":"about_us_secondary","type":{"id":"9ced1ca6-c72d-520e-9bdd-756fb1d526ca"},"collection":{"id":"00000000-0000-0000-0000-000000000000"},"sitemap_locations":[],"last_modified":"2021-06-07T17:02:01.7461076Z"},{"id":"56d0e43c-b748-4381-9f26-65866c33e9e4","name":"Post for developers 1","codename":"post_for_developers_1","type":{"id":"f5f8867b-970c-539e-b32a-c8d693452787"},"collection":{"id":"00000000-0000-0000-0000-000000000000"},"sitemap_locations":[],"last_modified":"2021-06-07T17:02:04.9181525Z"},{"id":"2ec7706b-3a8d-4614-a36f-1bbc149f800c","name":"Post for developers 2","codename":"post_for_developers_2","type":{"id":"f5f8867b-970c-539e-b32a-c8d693452787"},"collection":{"id":"00000000-0000-0000-0000-000000000000"},"sitemap_locations":[],"last_modified":"2021-06-07T17:02:05.0119325Z"}]