[{"id":"00000000-0000-0000-0000-000000000000","name":"Default project language","codename":"default","is_active":true,"is_default":true,"fallback_language":{"id":"00000000-0000-0000-0000-000000000000"}},{"id":"471bd47f-6f15-46e6-8c70-c6ddb1b16fd7","name":"czech","codename":"cz","is_active":true,"is_default":false,"fallback_language":{"id":"00000000-0000-0000-0000-000000000000"}},{"id":"e98abcca-2815-463a-8e98-120ae29ab9f8","name":"test","codename":"test","is_active":true,"is_default":false,"fallback_language":{"id":"471bd47f-6f15-46e6-8c70-c6ddb1b16fd7"}},{"id":"78383138-5520-4fd8-849e-b831e91350f4","name":"test2","codename":"test_test","is_active":false,"is_default":false,"fallback_language":{"id":"00000000-0000-0000-0000-000000000000"}}]