[
  {
    "id": "00000000-0000-0000-0000-000000000000",
    "name": "Default project language",
    "codename": "default",
    "is_active": true,
    "is_default": true,
    "fallback_language": {
      "id": "00000000-0000-0000-0000-000000000000"
    }
  },
  {
    "id": "471bd47f-6f15-46e6-8c70-c6ddb1b16fd7",
    "name": "czech",
    "codename": "cz",
    "is_active": true,
    "is_default": false,
    "fallback_language": {
      "id": "00000000-0000-0000-0000-000000000000"
    }
  }
]