[{"last_modified":"2021-08-09T19:15:42.7900315Z","id":"bb46adc8-4af3-4ac1-93fd-addbf45c0144","name":"test&&tax","codename":"test__tax","terms":[{"id":"81f00fb9-20eb-466f-ba7d-10859fe9c50a","name":"dddddd","codename":"dddddd","terms":[]}]},{"last_modified":"2021-06-03T14:32:42.8195447Z","id":"3650f9e5-f839-445e-a15f-f3bf48bf14d3","name":"Persona","codename":"persona","terms":[{"id":"f7d527c9-230d-4bca-90b8-0e0de94aedcb","name":"developer","codename":"developer","terms":[]}]},{"last_modified":"2021-08-09T19:14:17.6223976Z","id":"c57a9b18-b10e-4c70-8915-e9602ecb39d3","name":"test tax","codename":"test_tax","terms":[{"id":"7570be2f-14f6-4fb5-bf16-30903736b9b3","name":"test tax","codename":"test_tax","terms":[]},{"id":"3c556b23-d2bb-4ee5-be6e-d50961ed56f7","name":"test_&_tax","codename":"test___tax","terms":[]}]}]